Student_ID,First_Name,Last_Name,Email,Gender,Age,Department,Attendance (%),Midterm_Score,Final_Score,Assignments_Avg,Quizzes_Avg,Participation_Score,Projects_Score,Total_Score,Grade,Study_Hours_per_Week,Extracurricular_Activities,Internet_Access_at_Home,Parent_Education_Level,Family_Income_Level,Stress_Level (1-10),Sleep_Hours_per_Night,Student_Performance
S1000,Omar,Williams,student0@university.com,Female,22,Mathematics,79.38,72.73,78.49,75.04,76.64,84.2,85.48,78.6,B,23,Yes,Yes,Master's,High,1,5.3,Good
S1001,Maria,Brown,student1@university.com,Male,18,Business,63.84,37.29,36.93,44.79,32.53,15.76,53.84,39.01,F,4,No,Yes,Master's,Low,9,6.5,Poor
S1002,Ahmed,Jones,student2@university.com,Male,24,Engineering,57.46,62.54,56.85,69.13,47.5,60.77,71.35,62.19,C,11,No,Yes,High School,Low,6,8.2,Average
S1003,Omar,Williams,student3@university.com,Female,24,Engineering,79.86,69.86,71.95,82.8,77.79,72.31,86.99,76.79,B,14,No,Yes,High School,High,5,6.7,Good
S1004,John,Smith,student4@university.com,Female,23,CS,98.47,91.0,90.59,97.74,84.92,95.31,94.14,92.36,A,25,No,Yes,Bachelor's,High,2,5.2,Excellent
S1005,Liam,Brown,student5@university.com,Male,21,Mathematics,97.18,88.16,89.88,87.86,90.43,89.64,77.39,86.77,A,27,No,Yes,High School,Medium,2,4.2,Excellent
S1006,Ahmed,Jones,student6@university.com,Male,24,Business,91.36,78.19,87.72,86.95,93.1,100.0,92.1,88.34,A,24,Yes,Yes,PhD,High,7,7.1,Excellent
S1007,Ahmed,Smith,student7@university.com,Male,19,Engineering,56.47,53.75,43.15,38.54,32.01,35.17,35.47,41.13,D,9,Yes,Yes,Bachelor's,Low,6,6.1,Poor
S1008,Omar,Smith,student8@university.com,Female,21,CS,69.22,64.58,55.94,62.98,57.67,52.49,72.06,61.78,C,9,No,Yes,High School,High,8,8.9,Average
S1009,Sara,Smith,student9@university.com,Female,22,Business,71.13,87.54,67.37,67.39,53.99,61.59,74.19,70.86,C,4,Yes,Yes,PhD,Medium,3,7.9,Average
S1010,John,Smith,student10@university.com,Female,23,Business,100.0,94.6,91.78,88.66,99.37,100.0,89.76,93.05,A,25,No,Yes,PhD,Low,3,8.0,Excellent
S1011,Omar,Williams,student11@university.com,Female,20,Mathematics,50.98,48.53,38.26,49.85,31.54,33.56,55.3,44.32,F,3,Yes,Yes,Bachelor's,Medium,5,4.1,Poor
S1012,John,Davis,student12@university.com,Male,21,Engineering,84.12,54.36,58.74,68.39,76.5,56.46,65.19,62.15,C,9,No,Yes,Bachelor's,Medium,10,7.9,Average
S1013,John,Williams,student13@university.com,Male,18,Business,100.0,92.26,100.0,86.69,92.14,94.06,96.93,94.46,A,30,No,Yes,PhD,Medium,4,5.0,Excellent
S1014,Liam,Williams,student14@university.com,Male,19,CS,93.52,92.9,90.63,93.63,90.97,93.23,93.69,92.44,A,25,No,Yes,Master's,High,8,6.9,Excellent
S1015,Ahmed,Jones,student15@university.com,Male,18,CS,84.39,96.59,89.6,86.97,95.7,100.0,91.41,92.62,A,23,No,Yes,Bachelor's,High,6,6.2,Excellent
S1016,Maria,Jones,student16@university.com,Female,21,Business,88.83,85.78,78.18,79.86,72.0,78.97,85.04,80.78,B,17,Yes,Yes,,Medium,8,6.9,Good
S1017,Liam,Davis,student17@university.com,Female,23,CS,93.52,75.8,79.7,77.65,72.47,91.69,78.07,78.76,B,24,No,Yes,Master's,Medium,7,4.7,Good
S1018,Liam,Jones,student18@university.com,Male,20,Business,53.45,51.23,61.73,77.41,80.42,81.85,74.58,68.43,C,13,No,Yes,,Medium,2,6.3,Average
S1019,John,Johnson,student19@university.com,Male,20,CS,86.84,65.0,72.93,77.21,79.21,83.7,78.45,74.8,B,16,No,Yes,High School,Medium,9,4.2,Good
S1020,Emma,Davis,student20@university.com,Male,18,Business,63.22,68.97,63.09,54.23,61.01,80.51,57.0,63.25,C,12,No,Yes,Bachelor's,High,6,4.2,Average
S1021,Ahmed,Jones,student21@university.com,Male,22,Business,97.05,90.9,92.97,93.75,92.45,98.17,97.55,94.06,A,24,Yes,Yes,Bachelor's,High,6,7.3,Excellent
S1022,Sara,Davis,student22@university.com,Male,22,Business,84.16,82.04,72.69,91.4,77.2,76.15,86.64,80.95,B,9,Yes,No,PhD,Medium,2,8.8,Good
S1023,Liam,Williams,student23@university.com,Female,23,CS,89.97,83.08,76.74,76.79,77.46,83.99,81.14,79.69,B,16,Yes,Yes,Bachelor's,High,9,7.9,Good
S1024,Maria,Williams,student24@university.com,Female,20,Business,92.6,81.08,75.39,78.44,82.43,85.69,74.39,78.52,B,15,No,Yes,,Low,1,6.3,Good
S1025,Emma,Davis,student25@university.com,Male,18,Mathematics,69.81,68.46,61.54,67.94,74.71,63.21,62.21,65.5,C,8,Yes,Yes,Master's,High,6,4.3,Average
S1026,Emma,Johnson,student26@university.com,Male,18,Business,100.0,94.0,93.37,83.92,84.73,89.66,96.75,91.52,A,24,No,Yes,High School,Medium,8,4.2,Excellent
S1027,Sara,Johnson,student27@university.com,Male,18,Engineering,94.73,43.65,70.43,80.42,84.97,76.44,81.43,70.83,B,20,Yes,Yes,Master's,High,2,4.8,Good
S1028,Liam,Davis,student28@university.com,Female,21,Engineering,92.86,75.97,77.15,86.01,61.78,86.07,76.08,77.38,B,20,Yes,Yes,,Low,3,8.9,Good
S1029,Maria,Jones,student29@university.com,Female,23,Mathematics,100.0,96.87,100.0,91.31,94.76,100.0,98.57,97.26,A,27,No,Yes,High School,Low,10,6.0,Excellent
S1030,Ahmed,Brown,student30@university.com,Female,22,Business,68.24,62.6,61.48,52.18,58.03,58.25,82.37,63.82,C,10,Yes,Yes,PhD,High,10,8.2,Average
S1031,Ali,Johnson,student31@university.com,Male,22,Engineering,91.29,92.76,91.07,92.22,98.48,91.89,92.97,92.78,A,21,No,No,Bachelor's,Low,7,7.5,Excellent
S1032,Maria,Smith,student32@university.com,Female,21,Business,94.58,86.94,90.55,91.81,87.85,91.54,84.97,88.73,A,20,Yes,Yes,Bachelor's,Low,1,7.0,Excellent
S1033,Sara,Williams,student33@university.com,Male,19,Engineering,58.83,47.6,42.24,45.82,25.42,36.91,37.48,40.68,D,9,No,Yes,PhD,High,5,8.7,Poor
S1034,Emma,Davis,student34@university.com,Female,21,CS,50.0,21.25,29.85,46.15,38.4,46.71,47.13,36.57,F,4,No,Yes,,High,6,5.2,Poor
S1035,Ahmed,Smith,student35@university.com,Female,23,CS,62.92,55.63,58.54,73.61,60.17,80.21,64.51,63.74,C,3,No,Yes,PhD,High,10,6.3,Average
S1036,Maria,Davis,student36@university.com,Female,18,Mathematics,91.27,67.18,67.56,70.5,79.6,85.05,70.51,71.47,C,16,No,Yes,,Medium,7,8.3,Average
S1037,Ali,Williams,student37@university.com,Male,21,Mathematics,84.24,90.73,90.18,100.0,94.48,93.66,87.54,92.01,A,22,Yes,Yes,High School,Medium,10,6.8,Excellent
S1038,Ali,Williams,student38@university.com,Male,18,Business,93.49,34.81,49.27,57.1,58.95,65.61,63.2,52.94,D,10,No,Yes,Master's,Low,10,5.2,Poor
S1039,John,Johnson,student39@university.com,Female,23,Mathematics,89.96,80.65,76.81,73.46,86.47,81.41,80.11,79.16,B,18,Yes,Yes,Master's,Low,7,5.0,Good
S1040,John,Johnson,student40@university.com,Male,24,Business,95.54,94.77,89.67,93.44,86.94,96.81,86.28,91.02,A,24,No,Yes,PhD,High,3,7.8,Excellent
S1041,Omar,Smith,student41@university.com,Male,23,CS,86.12,76.75,70.88,79.23,66.71,78.71,80.56,75.61,B,13,No,Yes,Bachelor's,Low,7,4.1,Good
S1042,Sara,Davis,student42@university.com,Male,20,CS,100.0,96.33,89.37,87.67,94.85,97.14,88.77,91.71,A,21,No,Yes,PhD,High,1,8.6,Excellent
S1043,Liam,Williams,student43@university.com,Male,18,Engineering,58.46,49.19,46.57,55.01,33.29,53.92,42.5,46.95,D,5,No,Yes,Bachelor's,Medium,4,4.1,Poor
S1044,Maria,Smith,student44@university.com,Male,22,Business,73.36,77.19,77.18,84.86,82.76,71.51,87.83,80.46,B,22,Yes,Yes,PhD,High,7,7.2,Good
S1045,Maria,Brown,student45@university.com,Male,21,CS,66.92,71.01,61.53,56.27,56.71,56.15,63.28,61.97,C,13,Yes,No,PhD,Low,7,7.0,Average
S1046,Liam,Smith,student46@university.com,Male,24,CS,79.36,85.86,76.77,88.37,74.63,80.74,69.9,79.14,B,21,No,Yes,Master's,High,4,6.9,Good
S1047,Omar,Jones,student47@university.com,Female,23,Business,79.33,87.69,77.65,72.59,74.45,81.84,81.68,79.8,B,19,Yes,Yes,Bachelor's,High,1,6.4,Good
S1048,Emma,Smith,student48@university.com,Male,18,Engineering,84.23,75.16,76.45,79.91,81.28,82.04,77.38,77.94,B,17,Yes,Yes,Master's,High,8,8.3,Good
S1049,Emma,Jones,student49@university.com,Male,24,Engineering,76.63,21.64,68.85,90.71,97.99,97.8,90.52,72.83,C,23,No,Yes,Bachelor's,Low,4,7.3,Average
S1050,Omar,Jones,student50@university.com,Female,19,Engineering,50.0,51.73,35.19,48.7,38.93,44.48,29.29,40.65,F,1,Yes,Yes,High School,High,2,7.9,Poor
S1051,Emma,Jones,student51@university.com,Female,20,Engineering,51.99,63.14,62.69,78.86,77.85,70.1,69.01,68.73,C,7,No,Yes,High School,High,4,4.6,Average
S1052,John,Brown,student52@university.com,Female,19,CS,63.97,32.12,34.7,38.79,38.32,35.28,25.21,33.32,F,1,No,Yes,High School,Low,8,4.2,Poor
S1053,Maria,Smith,student53@university.com,Female,23,Business,68.21,42.39,42.95,65.74,30.81,14.7,42.14,42.06,D,10,Yes,Yes,,Medium,8,4.1,Poor
S1054,Omar,Smith,student54@university.com,Male,19,Business,74.48,70.62,75.94,82.98,75.21,81.36,95.87,80.39,B,19,Yes,Yes,Master's,Medium,5,4.7,Good
S1055,Maria,Brown,student55@university.com,Female,19,CS,58.23,44.68,41.83,55.86,40.98,43.08,41.08,44.39,D,3,No,Yes,Master's,Low,2,7.3,Poor
S1056,Liam,Williams,student56@university.com,Female,20,CS,94.74,93.11,89.23,90.15,91.89,94.85,97.63,92.65,A,19,No,Yes,High School,Medium,7,6.5,Excellent
S1057,Ali,Johnson,student57@university.com,Male,20,CS,84.32,96.31,93.94,87.47,86.73,92.02,98.87,93.52,A,30,No,No,PhD,High,3,7.8,Excellent
S1058,John,Smith,student58@university.com,Male,20,Mathematics,98.23,95.28,87.1,93.12,89.73,96.43,94.61,92.34,A,26,Yes,Yes,Master's,Low,6,5.0,Excellent
S1059,Ahmed,Johnson,student59@university.com,Male,24,Business,89.15,78.54,69.51,78.82,77.09,80.83,86.8,78.06,C,6,No,Yes,Bachelor's,High,9,5.8,Average
S1060,John,Davis,student60@university.com,Female,20,Business,98.24,67.23,72.46,81.17,77.89,79.67,86.74,76.84,B,14,No,No,Master's,High,5,8.4,Good
S1061,Omar,Davis,student61@university.com,Male,19,Business,91.67,80.44,78.35,74.17,69.72,78.24,85.17,78.63,B,20,No,No,Master's,Low,9,8.7,Good
S1062,Ahmed,Brown,student62@university.com,Female,22,Engineering,77.54,67.8,65.58,69.13,54.87,68.46,71.4,66.94,C,14,No,Yes,Bachelor's,High,4,8.6,Average
S1063,Ali,Davis,student63@university.com,Male,22,CS,83.86,82.25,78.19,82.11,84.42,81.84,74.71,79.88,B,15,No,Yes,High School,Low,9,8.1,Good
S1064,Omar,Davis,student64@university.com,Male,20,CS,86.49,73.95,74.29,79.13,73.25,80.15,68.64,74.3,B,18,Yes,Yes,High School,High,1,7.4,Good
S1065,Sara,Williams,student65@university.com,Female,24,CS,79.62,73.1,69.49,83.96,83.63,72.35,75.42,75.27,C,14,Yes,Yes,Bachelor's,Medium,4,8.6,Average
S1066,Maria,Williams,student66@university.com,Male,21,Mathematics,88.8,94.15,93.83,91.03,88.68,84.98,95.18,92.34,A,25,Yes,Yes,Master's,High,1,7.6,Excellent
S1067,Ali,Williams,student67@university.com,Male,18,Business,88.01,64.22,65.43,75.89,49.53,40.84,66.47,62.92,C,14,Yes,Yes,Master's,High,9,8.8,Average
S1068,Maria,Davis,student68@university.com,Male,23,CS,97.53,91.05,89.37,89.54,94.04,90.13,94.38,91.28,A,28,Yes,Yes,High School,Low,8,4.1,Excellent
S1069,Emma,Brown,student69@university.com,Male,24,Mathematics,96.84,92.97,54.16,48.92,34.91,39.74,27.31,52.4,D,3,No,Yes,,Medium,8,8.6,Average
S1070,Sara,Jones,student70@university.com,Male,21,CS,69.91,57.81,56.38,66.22,53.42,73.97,65.0,61.33,C,8,Yes,No,High School,High,7,6.8,Average
S1071,Sara,Jones,student71@university.com,Female,23,Engineering,88.27,90.78,88.6,96.13,85.66,91.71,90.48,90.56,A,22,No,Yes,Bachelor's,High,9,4.6,Excellent
S1072,Ali,Johnson,student72@university.com,Female,21,Business,94.31,87.62,94.59,96.37,91.31,95.97,96.25,93.61,A,26,Yes,Yes,,Medium,3,5.1,Excellent
S1073,Sara,Jones,student73@university.com,Male,21,Mathematics,84.23,61.17,65.28,67.12,55.34,45.49,63.93,61.49,C,13,Yes,Yes,,Medium,7,8.3,Average
S1074,Ahmed,Jones,student74@university.com,Female,22,CS,66.84,69.72,64.96,74.89,60.71,66.58,60.06,66.16,C,12,No,Yes,Bachelor's,Medium,6,6.5,Average
S1075,Sara,Williams,student75@university.com,Female,18,Business,55.56,71.63,56.4,63.88,56.4,65.0,69.81,64.11,C,0,Yes,Yes,PhD,Medium,5,8.9,Average
S1076,Maria,Williams,student76@university.com,Female,21,Mathematics,84.52,57.6,56.97,55.23,55.93,63.82,61.37,58.3,C,11,Yes,Yes,High School,Medium,9,4.6,Average
S1077,Maria,Davis,student77@university.com,Male,20,Business,98.35,91.5,90.11,95.11,84.31,100.0,91.62,91.85,A,21,No,Yes,Master's,High,4,6.1,Excellent
S1078,Omar,Johnson,student78@university.com,Male,23,Business,92.88,68.68,75.99,84.91,80.26,76.59,74.78,76.11,B,13,Yes,Yes,High School,Medium,3,5.7,Good
S1079,Maria,Smith,student79@university.com,Male,24,Engineering,92.28,98.21,91.7,87.5,93.19,93.36,95.02,93.35,A,24,Yes,Yes,Bachelor's,Medium,3,6.6,Excellent
S1080,Omar,Johnson,student80@university.com,Female,22,Business,50.0,40.41,32.77,34.98,47.41,34.87,42.71,38.29,F,0,Yes,Yes,Master's,High,2,7.2,Poor
S1081,Maria,Johnson,student81@university.com,Female,23,Mathematics,70.22,60.47,59.28,84.3,66.28,64.85,62.9,65.25,C,12,No,Yes,PhD,Low,1,7.3,Average
S1082,Ahmed,Brown,student82@university.com,Male,20,Business,85.14,70.92,79.78,86.69,82.29,86.31,82.63,80.52,B,20,Yes,Yes,Bachelor's,High,3,4.0,Good
S1083,Liam,Davis,student83@university.com,Male,20,Mathematics,88.8,92.96,89.5,90.23,87.13,95.51,99.75,92.72,A,20,Yes,Yes,High School,Low,8,4.4,Excellent
S1084,Omar,Brown,student84@university.com,Female,21,Business,95.43,78.99,73.27,80.31,79.04,83.46,78.66,78.14,B,11,No,Yes,,Medium,6,4.2,Good
S1085,John,Johnson,student85@university.com,Female,20,CS,77.59,44.51,70.76,79.38,68.14,80.94,89.97,71.4,B,18,Yes,Yes,Bachelor's,Low,2,8.3,Good
S1086,Emma,Johnson,student86@university.com,Male,18,Engineering,75.58,51.92,54.23,60.07,57.0,62.46,75.25,59.95,D,5,No,Yes,Bachelor's,High,8,5.6,Average
S1087,Ali,Johnson,student87@university.com,Female,20,CS,61.89,63.97,57.4,68.99,69.12,77.64,56.88,63.54,C,4,No,Yes,High School,Low,5,5.8,Average
S1088,Maria,Jones,student88@university.com,Female,21,Engineering,56.82,37.66,38.69,49.66,49.87,39.24,41.8,41.92,F,2,No,Yes,PhD,Low,4,6.3,Poor
S1089,Sara,Brown,student89@university.com,Female,23,Mathematics,83.67,90.54,78.01,70.35,79.11,94.14,80.04,81.5,B,16,No,Yes,High School,Low,1,8.2,Good
S1090,Liam,Johnson,student90@university.com,Female,20,Engineering,93.67,89.1,89.19,98.86,78.94,100.0,84.88,89.82,A,23,Yes,Yes,High School,Medium,1,4.1,Excellent
S1091,Maria,Williams,student91@university.com,Female,22,Business,71.9,66.71,60.68,52.22,63.7,81.19,54.09,61.65,C,7,Yes,Yes,PhD,High,4,4.6,Average
S1092,Sara,Davis,student92@university.com,Female,24,Business,68.09,65.41,60.37,65.15,54.87,68.9,79.43,66.21,C,12,No,Yes,PhD,Low,9,7.4,Average
S1093,Emma,Davis,student93@university.com,Female,22,CS,82.81,70.24,76.2,74.26,80.83,90.9,82.13,77.84,B,17,Yes,Yes,Bachelor's,Medium,10,8.8,Good
S1094,Emma,Williams,student94@university.com,Male,22,Engineering,72.66,52.0,57.2,69.84,67.06,61.38,61.24,60.27,C,8,Yes,Yes,,High,10,7.2,Average
S1095,Emma,Davis,student95@university.com,Male,23,Mathematics,90.21,77.6,78.25,92.6,76.52,79.85,76.11,79.83,B,17,Yes,No,High School,High,6,5.3,Good
S1096,Sara,Jones,student96@university.com,Female,19,Mathematics,92.05,74.1,77.41,87.93,86.52,78.4,68.8,77.61,B,15,No,Yes,,High,1,6.6,Good
S1097,Maria,Jones,student97@university.com,Female,24,Business,85.1,82.74,75.01,68.18,83.36,74.73,84.38,78.21,B,14,Yes,Yes,PhD,High,8,8.9,Good
S1098,Emma,Smith,student98@university.com,Female,22,Mathematics,87.18,87.96,94.57,95.43,90.53,97.92,100.0,94.39,A,29,No,No,PhD,Medium,9,6.6,Excellent
S1099,Ahmed,Smith,student99@university.com,Male,22,Business,94.36,90.52,93.71,87.51,83.35,94.05,96.61,91.72,A,29,No,Yes,High School,High,2,5.9,Excellent
S1100,Omar,Smith,student100@university.com,Male,19,Business,92.9,82.74,83.53,91.94,83.74,96.82,96.43,88.56,B,17,Yes,Yes,Bachelor's,Low,6,5.9,Good
S1101,Sara,Davis,student101@university.com,Female,23,Business,76.8,63.59,63.88,68.49,63.23,74.89,56.43,64.06,C,14,Yes,Yes,High School,High,7,8.8,Average
S1102,Sara,Jones,student102@university.com,Male,24,CS,81.59,67.33,72.11,81.92,74.97,81.51,82.09,75.85,B,15,No,Yes,Bachelor's,High,1,7.6,Good
S1103,Maria,Jones,student103@university.com,Female,22,CS,89.66,78.2,75.43,73.48,71.49,86.08,73.11,75.9,B,19,No,Yes,Master's,Medium,5,7.4,Good
S1104,Sara,Jones,student104@university.com,Female,21,Business,60.54,22.74,34.43,38.22,51.94,30.19,40.36,35.17,F,7,No,No,Bachelor's,Low,5,5.2,Poor
S1105,Sara,Williams,student105@university.com,Female,23,Business,95.43,88.74,91.5,89.01,97.11,100.0,96.89,93.06,A,22,Yes,Yes,High School,Low,3,6.8,Excellent
S1106,Emma,Jones,student106@university.com,Female,24,Business,74.48,73.02,79.05,83.14,80.51,90.41,83.9,80.71,B,22,No,Yes,High School,Medium,2,5.8,Good
S1107,Maria,Williams,student107@university.com,Female,22,Mathematics,76.07,54.02,63.66,61.93,62.0,80.97,89.88,68.28,C,9,Yes,Yes,Bachelor's,Medium,1,5.2,Average
S1108,Emma,Smith,student108@university.com,Female,22,Business,97.49,92.67,93.15,96.44,88.4,100.0,93.15,93.76,A,26,Yes,Yes,,Low,6,8.5,Excellent
S1109,Omar,Smith,student109@university.com,Female,19,Business,97.2,92.11,87.55,96.19,86.91,92.21,86.5,89.95,A,27,Yes,Yes,Bachelor's,Low,7,5.9,Excellent
S1110,Liam,Davis,student110@university.com,Male,24,Engineering,51.24,59.88,71.09,90.05,77.97,86.01,73.45,74.34,B,20,Yes,Yes,Master's,High,2,5.4,Good
S1111,Omar,Smith,student111@university.com,Female,21,Engineering,99.45,94.25,91.48,90.53,89.64,87.41,90.21,91.05,A,26,No,Yes,Master's,Medium,2,8.7,Excellent
S1112,Liam,Davis,student112@university.com,Male,23,Engineering,60.05,45.01,42.83,45.5,40.07,33.4,51.99,44.28,D,6,No,Yes,,Low,5,5.0,Poor
S1113,Emma,Johnson,student113@university.com,Female,20,Engineering,76.93,57.79,53.53,47.77,68.78,61.17,58.1,56.72,D,8,No,Yes,Master's,Low,5,7.7,Average
S1114,Omar,Johnson,student114@university.com,Female,18,Business,72.61,70.48,59.54,69.94,65.47,54.07,74.7,66.37,C,8,No,Yes,High School,Medium,3,7.3,Average
S1115,Maria,Brown,student115@university.com,Male,21,Engineering,50.0,41.43,37.11,27.24,44.09,29.71,31.47,35.32,F,8,No,Yes,,Medium,3,8.6,Poor
S1116,Ali,Davis,student116@university.com,Male,20,Mathematics,82.36,56.97,57.0,77.27,55.71,51.34,56.07,59.15,C,9,No,Yes,,Low,1,8.2,Average
S1117,Emma,Brown,student117@university.com,Female,21,Mathematics,84.66,42.05,77.96,92.8,92.51,100.0,99.24,80.92,B,21,No,Yes,,Medium,3,7.5,Good
S1118,Liam,Brown,student118@university.com,Male,24,Engineering,54.42,35.87,36.69,47.6,30.36,30.43,48.44,39.25,F,5,Yes,Yes,Bachelor's,Low,9,5.6,Poor
S1119,Ahmed,Johnson,student119@university.com,Female,20,CS,72.08,73.45,73.26,78.62,72.45,87.34,86.21,78.02,B,14,No,Yes,Bachelor's,Low,2,6.5,Good
S1120,Liam,Davis,student120@university.com,Female,24,Mathematics,59.96,50.03,51.27,59.8,59.33,53.4,57.63,54.59,D,10,Yes,Yes,,High,1,8.7,Average
S1121,Ahmed,Johnson,student121@university.com,Male,20,Mathematics,64.56,37.06,37.44,37.78,41.77,34.53,42.28,38.52,F,9,Yes,Yes,Master's,High,9,4.1,Poor
S1122,Sara,Brown,student122@university.com,Male,21,Engineering,95.77,70.2,76.09,84.98,82.87,75.11,84.91,78.59,B,13,No,No,High School,Medium,5,8.0,Good
S1123,Omar,Davis,student123@university.com,Male,19,Engineering,96.95,85.41,87.57,97.09,91.36,97.76,93.7,91.19,A,21,No,Yes,High School,Medium,8,5.3,Excellent
S1124,Ahmed,Brown,student124@university.com,Male,21,Business,97.57,95.24,92.67,97.85,88.85,94.78,84.34,92.12,A,26,No,Yes,Bachelor's,Low,4,4.9,Excellent
S1125,Liam,Jones,student125@university.com,Female,24,Mathematics,84.84,77.63,77.65,86.75,76.0,85.39,73.88,78.87,B,17,No,Yes,PhD,High,8,5.2,Good
S1126,Sara,Davis,student126@university.com,Male,21,Engineering,53.93,63.8,59.47,62.04,58.95,71.61,61.51,62.29,C,16,Yes,Yes,,Medium,5,4.3,Average
S1127,Ali,Davis,student127@university.com,Male,20,Engineering,58.53,53.81,38.44,32.08,46.9,34.97,47.63,42.9,F,4,Yes,No,PhD,Low,6,9.0,Poor
S1128,Maria,Brown,student128@university.com,Male,18,Business,91.42,86.08,94.89,88.55,85.42,90.84,91.66,90.18,A,27,Yes,Yes,High School,High,6,8.3,Excellent
S1129,Maria,Jones,student129@university.com,Male,20,Mathematics,85.53,86.92,79.31,76.52,79.44,85.0,82.83,81.7,B,20,Yes,Yes,Bachelor's,Low,6,6.6,Good
S1130,Maria,Williams,student130@university.com,Male,22,Engineering,62.8,37.9,66.57,72.57,83.21,87.32,75.42,67.24,C,20,No,Yes,Bachelor's,High,2,7.6,Average
S1131,Ahmed,Johnson,student131@university.com,Female,21,Business,55.5,40.56,80.51,97.36,100.0,91.07,85.09,78.97,B,27,Yes,Yes,Bachelor's,Low,10,6.8,Good
S1132,Ali,Brown,student132@university.com,Female,23,Engineering,100.0,88.85,95.6,99.27,83.31,98.46,88.97,92.53,A,30,Yes,Yes,Bachelor's,High,10,8.1,Excellent
S1133,Ahmed,Davis,student133@university.com,Male,21,CS,85.18,73.4,70.86,76.7,83.16,79.68,79.73,76.13,B,10,No,No,Bachelor's,Low,9,8.2,Good
S1134,Omar,Johnson,student134@university.com,Male,19,CS,64.76,39.86,37.8,38.1,35.07,54.44,32.43,38.57,F,4,No,Yes,,Low,7,5.2,Poor
S1135,Ahmed,Johnson,student135@university.com,Female,24,Engineering,65.54,44.41,65.2,84.74,80.04,85.42,85.81,71.6,C,15,No,Yes,PhD,Medium,3,6.3,Average
S1136,Ali,Johnson,student136@university.com,Male,23,Mathematics,75.74,71.49,77.71,75.05,95.69,89.47,71.89,77.88,B,19,Yes,Yes,High School,High,2,7.2,Good
S1137,Ali,Williams,student137@university.com,Female,20,CS,70.86,66.38,58.34,69.39,57.96,64.0,67.62,63.99,C,1,No,Yes,High School,High,4,8.9,Average
S1138,Omar,Smith,student138@university.com,Female,19,Business,82.81,76.62,78.11,74.89,79.05,99.91,82.2,80.42,B,21,No,Yes,Bachelor's,Medium,8,7.4,Good
S1139,Ali,Brown,student139@university.com,Male,21,Engineering,60.68,44.83,38.77,49.2,46.07,60.57,33.69,43.44,F,2,Yes,Yes,Bachelor's,Medium,9,8.5,Poor
S1140,Liam,Smith,student140@university.com,Female,20,Business,66.02,45.56,36.06,35.81,35.83,37.05,54.76,41.74,F,1,No,Yes,Bachelor's,Low,10,8.2,Poor
S1141,Ali,Smith,student141@university.com,Male,20,CS,100.0,78.33,79.75,75.74,70.45,80.7,78.15,77.71,B,19,Yes,Yes,Master's,High,2,6.9,Good
S1142,Maria,Smith,student142@university.com,Male,22,Mathematics,71.84,69.73,77.35,76.61,84.13,94.53,70.48,76.74,B,25,No,Yes,High School,Low,6,8.5,Good
S1143,Liam,Johnson,student143@university.com,Female,22,Business,87.29,80.34,77.81,74.79,81.21,66.19,80.02,77.48,B,21,No,No,Bachelor's,Low,8,5.9,Good
S1144,Liam,Jones,student144@university.com,Female,18,CS,82.14,71.92,70.01,80.51,72.45,83.53,74.63,74.49,B,14,No,Yes,PhD,Low,3,5.9,Good
S1145,Omar,Johnson,student145@university.com,Male,22,CS,93.5,93.26,86.56,96.29,88.83,95.19,84.76,90.09,A,24,No,Yes,Master's,Medium,9,7.9,Excellent
S1146,John,Johnson,student146@university.com,Female,24,CS,87.59,82.97,70.38,56.1,71.71,72.97,67.25,70.52,B,11,Yes,Yes,,High,4,4.7,Good
S1147,John,Davis,student147@university.com,Male,23,Business,75.77,80.33,77.05,79.68,85.34,88.58,76.25,79.92,B,17,Yes,Yes,Master's,Medium,5,5.5,Good
S1148,Ali,Davis,student148@university.com,Female,20,CS,95.29,86.0,93.21,91.68,96.19,92.71,91.79,91.5,A,27,Yes,Yes,Master's,Medium,7,7.0,Excellent
S1149,Liam,Smith,student149@university.com,Female,22,Engineering,71.86,64.52,72.21,76.36,79.27,89.2,77.05,74.67,B,20,No,Yes,Master's,High,5,6.1,Good
S1150,John,Johnson,student150@university.com,Male,18,CS,50.0,33.65,34.32,33.1,33.76,38.15,38.95,35.26,F,7,Yes,Yes,PhD,High,4,8.7,Poor
S1151,John,Smith,student151@university.com,Male,21,Engineering,86.29,46.39,81.42,95.26,84.31,93.99,91.97,80.15,B,27,Yes,Yes,High School,Medium,4,8.8,Good
S1152,Ali,Davis,student152@university.com,Male,23,Mathematics,98.95,86.33,93.23,92.41,92.29,100.0,95.52,92.77,A,25,No,Yes,Bachelor's,Medium,5,6.5,Excellent
S1153,John,Jones,student153@university.com,Female,22,Engineering,81.9,86.46,81.12,82.46,72.83,90.42,84.19,83.1,B,16,Yes,Yes,PhD,Medium,3,6.7,Good
S1154,Ahmed,Brown,student154@university.com,Male,20,Mathematics,78.26,43.19,45.64,49.63,41.97,43.11,62.0,48.4,D,5,Yes,Yes,PhD,High,9,7.6,Poor
S1155,Sara,Smith,student155@university.com,Male,21,Mathematics,90.76,94.71,91.65,86.84,91.99,100.0,90.91,92.26,A,23,Yes,Yes,Bachelor's,High,2,6.3,Excellent
S1156,Omar,Jones,student156@university.com,Female,24,Engineering,63.65,36.67,50.96,58.72,57.04,53.76,65.12,52.99,D,6,No,Yes,Master's,Low,7,5.0,Average
S1157,Sara,Brown,student157@university.com,Female,20,Mathematics,95.28,79.07,69.47,69.09,68.24,59.74,71.84,70.71,C,13,Yes,No,,High,4,7.7,Average
S1158,Ali,Williams,student158@university.com,Male,21,Engineering,90.26,90.86,89.38,94.77,84.12,90.52,94.99,91.19,A,26,No,Yes,Master's,Medium,8,7.7,Excellent
S1159,Maria,Smith,student159@university.com,Male,24,Business,63.03,51.06,61.65,71.79,50.14,69.42,70.01,62.35,C,12,No,Yes,Master's,High,7,5.2,Average
S1160,Omar,Smith,student160@university.com,Male,24,Mathematics,67.93,61.14,67.49,76.77,71.95,70.22,82.1,71.25,C,18,Yes,Yes,High School,High,8,8.2,Average
S1161,Ali,Williams,student161@university.com,Male,23,Engineering,73.35,59.89,62.57,70.43,57.58,62.36,70.85,64.35,C,11,Yes,Yes,Master's,High,4,7.1,Average
S1162,Liam,Williams,student162@university.com,Female,20,Mathematics,97.39,32.95,52.36,52.72,66.05,69.9,56.87,52.56,D,9,Yes,Yes,,Medium,2,5.2,Average
S1163,Maria,Smith,student163@university.com,Female,22,CS,89.35,77.19,75.76,82.0,86.59,88.49,72.13,78.61,B,23,No,Yes,PhD,Low,7,7.3,Good
S1164,Sara,Williams,student164@university.com,Male,22,Engineering,100.0,91.93,96.91,97.45,100.0,100.0,93.25,95.88,A,25,Yes,Yes,Master's,Low,9,5.2,Excellent
S1165,Ali,Johnson,student165@university.com,Male,18,CS,75.0,62.19,52.17,62.19,72.51,58.45,77.26,63.36,D,4,No,Yes,PhD,Medium,6,5.3,Average
S1166,Liam,Brown,student166@university.com,Male,21,Mathematics,85.86,80.21,74.66,67.4,81.75,87.31,76.45,77.01,B,25,Yes,Yes,High School,Medium,7,8.2,Good
S1167,Omar,Brown,student167@university.com,Female,18,Mathematics,100.0,87.47,94.24,86.71,97.41,100.0,92.02,92.21,A,29,No,Yes,,Low,6,8.6,Excellent
S1168,Omar,Brown,student168@university.com,Male,19,Business,90.6,86.29,94.22,89.57,96.15,100.0,94.81,92.83,A,30,Yes,Yes,Bachelor's,Medium,2,5.3,Excellent
S1169,Emma,Johnson,student169@university.com,Male,22,Engineering,87.9,74.81,77.0,77.99,80.05,91.32,85.12,80.07,B,19,No,Yes,Bachelor's,High,9,8.6,Good
S1170,Liam,Williams,student170@university.com,Female,21,CS,58.49,62.35,58.0,69.47,39.76,62.63,66.93,61.02,C,11,No,Yes,High School,High,5,5.2,Average
S1171,Ahmed,Jones,student171@university.com,Female,23,Business,94.63,88.98,84.62,100.0,97.87,92.67,91.25,91.26,B,23,No,Yes,,Low,3,4.6,Good
S1172,John,Williams,student172@university.com,Male,18,Mathematics,79.37,79.17,79.58,75.45,71.22,85.74,83.78,79.5,B,21,Yes,Yes,PhD,High,4,4.3,Good
S1173,Maria,Smith,student173@university.com,Male,23,Mathematics,92.42,86.84,90.6,93.27,94.1,94.83,94.27,91.76,A,24,No,Yes,High School,Low,4,5.2,Excellent
S1174,Liam,Davis,student174@university.com,Female,23,Business,67.15,60.35,54.82,59.03,58.59,52.61,61.07,57.96,D,8,No,No,Master's,Medium,9,5.9,Average
S1175,Emma,Brown,student175@university.com,Male,23,CS,86.53,67.52,82.33,91.69,92.4,99.37,88.75,84.77,B,21,No,Yes,PhD,Low,5,8.6,Good
S1176,John,Williams,student176@university.com,Male,18,Mathematics,71.81,58.1,58.32,62.18,53.84,54.63,61.35,58.64,C,12,Yes,Yes,Master's,Low,2,5.2,Average
S1177,John,Jones,student177@university.com,Female,19,Mathematics,89.01,74.66,70.78,77.52,72.44,81.81,74.91,74.66,B,10,No,Yes,Master's,High,6,5.8,Good
S1178,Ali,Smith,student178@university.com,Female,24,Engineering,50.0,36.4,36.77,48.01,41.84,66.93,48.5,44.25,F,4,No,Yes,PhD,Low,7,7.7,Poor
S1179,John,Johnson,student179@university.com,Female,24,Business,94.42,81.12,92.38,91.6,85.83,99.58,89.25,89.45,A,23,Yes,Yes,Master's,Low,8,5.5,Excellent
S1180,Ahmed,Johnson,student180@university.com,Male,18,Mathematics,86.15,26.94,69.59,78.07,89.0,86.88,82.89,68.66,C,19,No,Yes,Bachelor's,Low,5,7.4,Average
S1181,Omar,Jones,student181@university.com,Female,24,CS,81.78,41.94,75.69,90.61,94.23,94.76,84.97,76.8,B,30,Yes,Yes,PhD,Medium,8,6.2,Good
S1182,Emma,Smith,student182@university.com,Female,20,Engineering,50.0,52.47,41.19,44.38,49.51,36.33,27.96,41.62,D,9,Yes,Yes,High School,High,8,5.0,Poor
S1183,John,Brown,student183@university.com,Male,24,Business,81.63,37.26,44.07,42.57,37.0,59.04,61.26,46.71,D,4,Yes,No,Bachelor's,High,4,7.7,Poor
S1184,Ali,Williams,student184@university.com,Male,22,CS,77.32,79.77,76.89,70.9,86.86,74.99,81.3,78.26,B,15,Yes,Yes,High School,Low,7,4.1,Good
S1185,Ahmed,Smith,student185@university.com,Female,18,Mathematics,58.95,55.3,50.72,60.14,55.69,60.61,71.67,58.72,D,10,No,Yes,,Low,9,5.5,Average
S1186,Sara,Johnson,student186@university.com,Female,24,Business,71.94,71.74,59.42,60.89,54.26,63.16,74.44,64.97,C,7,Yes,Yes,High School,Medium,10,5.8,Average
S1187,Omar,Jones,student187@university.com,Male,18,Business,79.13,80.9,70.12,73.39,82.09,84.45,78.15,77.0,B,14,No,Yes,PhD,High,4,6.3,Good
S1188,Omar,Jones,student188@university.com,Male,19,CS,80.91,81.21,75.3,87.37,74.18,84.75,67.48,77.56,B,17,Yes,No,High School,High,9,7.4,Good
S1189,Emma,Williams,student189@university.com,Female,20,Business,83.81,85.45,82.63,87.32,86.66,96.46,91.06,87.37,B,18,No,Yes,,Low,4,6.3,Good
S1190,Omar,Jones,student190@university.com,Female,18,CS,83.72,89.29,86.82,94.29,76.26,92.5,89.37,88.46,A,23,No,Yes,Master's,Medium,1,7.0,Excellent
S1191,John,Jones,student191@university.com,Male,22,Mathematics,61.1,43.83,44.23,46.41,18.69,47.68,47.15,42.85,D,16,No,Yes,PhD,Medium,4,7.0,Poor
S1192,Ali,Smith,student192@university.com,Female,24,Engineering,50.0,19.16,33.43,62.25,37.13,42.87,44.54,38.44,F,3,No,Yes,Bachelor's,Low,2,5.9,Poor
S1193,Omar,Brown,student193@university.com,Male,22,CS,65.5,64.64,60.85,52.86,66.0,61.67,55.96,60.03,C,15,No,Yes,Bachelor's,Low,6,8.7,Average
S1194,Omar,Williams,student194@university.com,Female,24,Engineering,97.94,74.79,79.08,82.15,73.61,86.55,84.11,79.89,B,17,Yes,Yes,High School,Low,8,8.8,Good
S1195,Sara,Smith,student195@university.com,Male,18,Business,83.64,82.01,79.85,80.59,85.78,77.69,84.47,81.69,B,17,No,Yes,Bachelor's,Low,6,6.9,Good
S1196,Sara,Brown,student196@university.com,Male,23,CS,79.85,62.73,64.0,67.02,59.07,66.72,77.62,66.7,C,13,No,No,,Low,9,4.4,Average
S1197,Maria,Smith,student197@university.com,Female,24,Mathematics,50.0,35.44,38.64,36.11,49.55,48.76,59.73,43.94,F,4,No,Yes,Bachelor's,Medium,6,6.5,Poor
S1198,Ahmed,Davis,student198@university.com,Female,23,CS,52.71,23.61,35.78,41.08,49.97,35.34,51.4,38.64,F,5,Yes,Yes,High School,Medium,7,4.9,Poor
S1199,John,Smith,student199@university.com,Male,20,CS,82.06,52.82,56.77,65.68,36.07,63.5,51.96,54.96,C,13,Yes,Yes,Bachelor's,Low,5,6.4,Average
S1200,Omar,Jones,student200@university.com,Female,22,CS,67.63,65.73,60.34,77.17,52.41,78.98,72.46,67.44,C,14,Yes,Yes,Master's,Low,8,4.9,Average
S1201,Liam,Brown,student201@university.com,Female,23,Engineering,100.0,84.47,88.22,87.88,86.96,92.36,86.72,87.41,A,24,Yes,Yes,Master's,High,2,7.5,Excellent
S1202,Omar,Williams,student202@university.com,Female,22,Engineering,94.66,91.76,86.64,89.15,80.9,96.35,82.44,87.6,A,20,Yes,No,Bachelor's,Medium,2,4.4,Excellent
S1203,Ali,Williams,student203@university.com,Male,24,Business,61.52,59.87,46.74,54.11,41.06,52.64,36.54,48.45,D,5,Yes,Yes,PhD,Medium,8,8.8,Poor
S1204,Maria,Brown,student204@university.com,Female,24,Business,60.4,64.11,58.55,75.18,65.86,67.31,51.76,62.41,C,9,No,Yes,Bachelor's,Low,6,5.0,Average
S1205,Ahmed,Jones,student205@university.com,Female,20,Business,95.36,90.47,84.94,86.35,100.0,100.0,95.01,91.28,B,24,Yes,Yes,Master's,Medium,2,7.3,Good
S1206,Liam,Johnson,student206@university.com,Male,24,Business,94.22,85.24,85.05,92.39,91.29,88.79,93.67,88.91,A,19,No,No,Master's,Medium,6,8.6,Excellent
S1207,Maria,Smith,student207@university.com,Female,20,CS,74.86,55.12,59.1,61.69,75.1,69.45,54.32,60.37,C,3,No,Yes,,Medium,8,5.2,Average
S1208,Emma,Jones,student208@university.com,Female,23,Engineering,59.67,76.24,81.79,89.64,89.53,100.0,85.56,85.21,B,23,No,Yes,High School,High,6,8.7,Good
S1209,Ahmed,Davis,student209@university.com,Male,24,Engineering,100.0,95.19,88.26,84.4,75.84,92.74,94.76,89.57,A,23,No,Yes,,Medium,9,5.9,Excellent
S1210,Omar,Brown,student210@university.com,Male,18,Engineering,88.14,75.53,75.09,86.92,66.78,79.67,81.14,77.79,B,15,No,Yes,PhD,Low,6,8.8,Good
S1211,Omar,Smith,student211@university.com,Female,21,Engineering,70.59,62.28,56.69,45.09,54.73,68.63,57.14,57.16,C,11,No,Yes,High School,Medium,3,8.9,Average
S1212,Ahmed,Williams,student212@university.com,Female,19,Business,71.57,59.26,59.12,66.36,52.3,63.35,69.88,62.13,C,7,Yes,Yes,Bachelor's,Medium,9,4.9,Average
S1213,Omar,Johnson,student213@university.com,Male,21,CS,97.13,91.12,91.78,95.57,79.75,100.0,90.32,91.54,A,28,No,No,Bachelor's,High,10,8.2,Excellent
S1214,John,Davis,student214@university.com,Male,21,Engineering,61.43,51.03,55.83,59.32,57.69,58.73,78.88,60.48,C,7,Yes,No,PhD,Medium,5,5.0,Average
S1215,Ahmed,Williams,student215@university.com,Female,22,Mathematics,94.53,91.02,92.81,85.99,88.02,96.59,90.34,90.83,A,23,No,Yes,Master's,High,6,5.1,Excellent
S1216,Maria,Brown,student216@university.com,Female,20,CS,89.85,68.91,76.28,81.93,88.53,82.11,81.35,78.48,B,12,No,Yes,Bachelor's,High,4,4.4,Good
S1217,Ahmed,Smith,student217@university.com,Female,22,Mathematics,81.52,89.74,77.58,66.62,73.05,59.14,79.54,76.46,B,12,No,Yes,,High,3,4.8,Good
S1218,Liam,Brown,student218@university.com,Male,23,CS,58.83,63.87,55.12,63.01,69.6,66.12,49.26,59.43,C,9,No,Yes,Master's,Medium,10,7.2,Average
S1219,Omar,Smith,student219@university.com,Female,19,CS,51.82,64.48,63.51,64.55,69.75,49.39,66.15,63.6,C,13,Yes,Yes,Bachelor's,Low,5,6.2,Average
S1220,John,Jones,student220@university.com,Male,23,CS,75.84,61.24,59.5,68.36,53.09,75.24,73.33,64.88,C,9,Yes,Yes,Master's,Low,3,8.0,Average
S1221,John,Johnson,student221@university.com,Male,18,Mathematics,51.05,36.6,66.47,75.76,83.13,91.9,86.42,70.09,C,19,Yes,Yes,High School,Medium,2,5.7,Average
S1222,Emma,Jones,student222@university.com,Male,19,Engineering,93.58,83.53,89.02,94.86,92.25,85.65,86.19,88.22,A,24,Yes,Yes,Bachelor's,High,6,8.8,Excellent
S1223,Maria,Jones,student223@university.com,Female,22,Engineering,92.34,70.74,77.35,82.33,79.51,80.83,75.47,76.96,B,24,No,Yes,Bachelor's,Low,8,4.2,Good
S1224,Sara,Brown,student224@university.com,Female,24,Mathematics,77.87,41.69,62.83,76.33,80.95,79.85,79.16,67.41,C,10,No,Yes,Master's,Medium,3,4.3,Average
S1225,Sara,Johnson,student225@university.com,Female,24,Engineering,86.34,96.59,95.43,92.36,87.94,94.55,91.81,93.64,A,29,Yes,Yes,High School,Low,6,7.5,Excellent
S1226,Ahmed,Smith,student226@university.com,Male,22,Business,51.79,40.41,39.81,49.43,49.52,29.79,49.73,43.33,F,7,No,Yes,,Medium,9,8.4,Poor
S1227,Emma,Smith,student227@university.com,Female,23,Engineering,80.05,65.24,76.22,79.41,74.38,84.59,82.82,76.48,B,15,No,Yes,High School,High,1,8.0,Good
S1228,Ali,Davis,student228@university.com,Male,22,Business,50.5,38.89,28.08,36.03,48.42,36.31,15.93,31.86,F,1,Yes,No,,Low,3,6.4,Poor
S1229,Ahmed,Williams,student229@university.com,Male,22,Business,63.93,48.95,61.02,55.1,60.88,75.63,67.51,60.46,C,11,Yes,Yes,PhD,Medium,2,5.3,Average
S1230,Emma,Davis,student230@university.com,Male,21,Business,77.62,93.02,66.39,59.44,50.77,50.99,61.88,66.67,C,9,No,Yes,High School,Medium,8,4.1,Average
S1231,Maria,Davis,student231@university.com,Male,18,Mathematics,77.98,75.5,72.87,74.33,81.65,74.1,84.66,76.97,B,14,Yes,Yes,,Low,9,6.5,Good
S1232,Maria,Smith,student232@university.com,Male,24,Engineering,88.65,69.2,72.98,76.99,83.85,85.09,85.87,77.7,B,13,No,Yes,Master's,Medium,10,6.4,Good
S1233,Maria,Brown,student233@university.com,Male,21,Engineering,91.25,76.02,79.54,75.32,85.98,74.82,85.36,79.54,B,25,No,Yes,,Low,6,5.7,Good
S1234,Maria,Jones,student234@university.com,Female,22,Mathematics,85.6,87.95,89.88,95.56,100.0,91.91,84.32,90.45,A,27,No,Yes,PhD,Medium,3,6.9,Excellent
S1235,Maria,Jones,student235@university.com,Male,20,Mathematics,72.22,46.93,58.9,62.02,63.5,66.48,68.4,60.09,C,15,No,Yes,,Low,10,7.6,Average
S1236,Emma,Jones,student236@university.com,Female,21,Engineering,88.16,72.29,81.26,75.94,73.36,86.98,85.4,79.28,B,22,No,Yes,High School,High,8,7.5,Good
S1237,Emma,Johnson,student237@university.com,Male,22,Mathematics,86.72,84.11,95.75,100.0,97.62,98.68,100.0,95.39,A,23,No,Yes,,Low,10,5.3,Excellent
S1238,John,Smith,student238@university.com,Female,24,Mathematics,76.95,56.12,62.0,70.77,51.6,71.06,75.96,64.8,C,11,No,Yes,High School,Medium,7,6.9,Average
S1239,Liam,Brown,student239@university.com,Female,22,Business,92.91,85.06,83.89,87.77,96.25,98.9,91.8,89.02,B,18,Yes,Yes,PhD,High,2,4.7,Good
S1240,Sara,Johnson,student240@university.com,Female,18,Mathematics,50.0,29.29,38.25,64.11,27.2,41.89,55.07,42.96,F,5,Yes,No,,High,7,4.6,Poor
S1241,Omar,Williams,student241@university.com,Female,23,Business,52.93,49.38,44.99,45.12,68.68,23.31,55.59,48.21,D,7,Yes,Yes,,Low,1,7.9,Poor
S1242,Maria,Brown,student242@university.com,Male,19,CS,58.58,44.41,37.06,37.67,42.29,21.42,51.03,40.37,F,6,Yes,Yes,PhD,Low,8,7.5,Poor
S1243,Ali,Davis,student243@university.com,Male,21,Business,93.31,84.35,78.22,82.21,78.89,76.71,75.73,79.46,B,23,Yes,Yes,,Low,5,7.8,Good
S1244,Omar,Brown,student244@university.com,Male,21,Business,100.0,88.81,95.13,92.23,85.48,100.0,95.33,92.99,A,22,No,Yes,High School,High,9,4.8,Excellent
S1245,Emma,Brown,student245@university.com,Male,21,Mathematics,65.58,36.22,40.84,47.31,46.46,37.84,36.27,40.23,D,7,No,Yes,Bachelor's,High,3,8.6,Poor
S1246,Ali,Jones,student246@university.com,Female,22,Engineering,88.88,72.5,74.0,88.13,85.02,82.81,80.48,79.1,B,14,Yes,Yes,Bachelor's,Low,7,4.7,Good
S1247,Ali,Brown,student247@university.com,Female,18,CS,51.04,40.3,39.06,23.48,48.76,24.39,60.03,40.67,F,4,No,No,High School,Medium,8,8.4,Poor
S1248,Ali,Davis,student248@university.com,Female,22,CS,59.06,33.72,33.8,42.12,54.19,15.12,57.77,40.0,F,1,Yes,Yes,,High,1,5.8,Poor
S1249,John,Davis,student249@university.com,Male,22,CS,59.06,29.25,35.1,61.76,30.54,28.47,56.37,41.06,F,2,No,Yes,High School,Low,6,4.5,Poor
S1250,Emma,Smith,student250@university.com,Female,23,Engineering,87.53,79.3,79.92,73.85,84.6,88.37,83.19,80.85,B,25,No,Yes,PhD,Medium,2,5.4,Good
S1251,Ali,Brown,student251@university.com,Male,20,CS,82.47,78.0,80.93,72.91,80.7,94.52,73.91,79.07,B,19,No,Yes,High School,Low,8,4.9,Good
S1252,Maria,Jones,student252@university.com,Female,18,CS,50.0,39.46,38.0,35.18,51.22,63.2,46.96,43.5,F,0,Yes,No,Bachelor's,High,6,6.5,Poor
S1253,Ahmed,Brown,student253@university.com,Female,21,Engineering,77.35,79.55,72.76,86.62,80.85,81.99,76.46,78.67,B,21,No,Yes,Master's,High,3,8.7,Good
S1254,Ali,Williams,student254@university.com,Female,19,CS,88.29,94.57,92.57,84.27,97.95,97.87,99.0,94.08,A,20,Yes,Yes,PhD,Low,4,5.6,Excellent
S1255,John,Williams,student255@university.com,Female,21,Mathematics,77.82,77.11,79.03,83.02,88.78,86.24,78.54,80.84,B,22,No,Yes,,Medium,7,7.1,Good
S1256,Omar,Jones,student256@university.com,Female,22,Mathematics,53.36,30.35,36.07,61.28,37.16,55.91,51.79,43.94,F,3,Yes,Yes,High School,High,9,8.5,Poor
S1257,Emma,Smith,student257@university.com,Male,18,Business,70.79,59.27,53.51,68.43,60.62,60.25,63.67,60.32,D,1,Yes,Yes,PhD,Low,10,7.2,Average
S1258,Liam,Smith,student258@university.com,Female,24,Business,68.33,77.0,70.69,74.12,71.08,71.88,69.24,72.33,B,15,Yes,Yes,Bachelor's,Low,2,5.8,Good
S1259,John,Davis,student259@university.com,Male,18,Business,94.61,99.77,92.01,89.37,90.89,97.0,92.66,93.68,A,21,No,Yes,,Medium,9,9.0,Excellent
S1260,Ali,Davis,student260@university.com,Male,18,Mathematics,87.04,27.62,57.77,79.46,46.54,56.81,62.76,54.77,C,12,No,No,High School,Medium,6,4.9,Average
S1261,Emma,Johnson,student261@university.com,Male,20,Mathematics,68.27,32.72,42.07,66.65,51.91,42.13,55.27,47.52,D,3,No,Yes,High School,High,2,6.6,Poor
S1262,Ahmed,Jones,student262@university.com,Male,21,Mathematics,90.99,85.92,88.17,92.39,94.31,95.7,84.12,88.91,A,24,No,Yes,,Medium,8,8.0,Excellent
S1263,Ali,Brown,student263@university.com,Male,20,Business,100.0,77.55,78.22,91.84,69.68,85.03,88.93,82.1,B,16,Yes,Yes,Master's,Medium,4,4.0,Good
S1264,John,Jones,student264@university.com,Male,24,Business,50.0,44.91,38.98,50.7,41.95,39.01,49.36,44.3,F,7,No,Yes,Master's,High,8,7.5,Poor
S1265,Sara,Johnson,student265@university.com,Male,24,Business,89.92,63.01,62.3,63.22,76.37,59.6,61.78,63.61,C,6,Yes,Yes,PhD,Low,7,5.3,Average
S1266,Maria,Davis,student266@university.com,Male,23,Business,80.9,79.5,63.73,63.82,66.73,66.66,54.66,65.68,C,7,Yes,Yes,High School,High,7,4.8,Average
S1267,Liam,Jones,student267@university.com,Female,19,Business,72.53,61.38,63.51,68.41,63.35,50.79,73.51,64.53,C,15,No,Yes,PhD,High,7,5.4,Average
S1268,Omar,Jones,student268@university.com,Female,23,Business,84.31,80.67,85.71,86.61,80.8,90.08,83.13,84.27,A,27,Yes,Yes,,Medium,2,8.8,Excellent
S1269,John,Davis,student269@university.com,Male,22,Mathematics,86.02,83.33,74.46,83.44,70.34,74.27,81.76,78.61,B,15,No,Yes,PhD,Medium,8,8.5,Good
S1270,Emma,Johnson,student270@university.com,Male,20,Engineering,61.95,63.13,56.88,77.71,65.56,55.87,64.11,63.47,C,8,No,Yes,High School,Low,2,5.1,Average
S1271,Liam,Davis,student271@university.com,Male,20,Engineering,50.0,58.69,58.41,61.18,49.96,63.98,60.52,59.02,C,18,No,Yes,Master's,Medium,3,4.6,Average
S1272,Liam,Smith,student272@university.com,Female,23,Business,77.77,50.89,48.23,41.24,40.19,28.28,61.96,47.66,D,5,Yes,Yes,Master's,Low,10,5.8,Poor
S1273,Liam,Brown,student273@university.com,Female,22,Engineering,50.0,50.24,43.79,46.75,26.63,35.88,46.32,43.52,D,4,No,Yes,,Low,7,7.0,Poor
S1274,Ali,Davis,student274@university.com,Male,18,Engineering,76.01,77.45,78.13,79.51,78.31,75.64,75.7,77.48,B,21,Yes,Yes,Bachelor's,Low,7,8.3,Good
S1275,Maria,Johnson,student275@university.com,Male,22,Mathematics,82.47,65.37,72.51,86.92,86.32,80.19,64.38,73.77,B,17,No,Yes,PhD,High,7,8.8,Good
S1276,Ali,Williams,student276@university.com,Female,21,Business,54.02,53.92,55.58,60.88,72.24,70.32,57.6,59.59,C,8,No,Yes,,Medium,4,7.8,Average
S1277,Emma,Smith,student277@university.com,Female,23,Business,78.16,60.29,62.32,68.97,55.72,69.09,80.48,66.56,C,9,No,Yes,Master's,Medium,5,7.0,Average
S1278,Ali,Williams,student278@university.com,Male,22,Engineering,70.51,60.53,55.19,62.15,69.45,59.98,65.36,61.24,C,7,Yes,No,High School,Low,7,4.7,Average
S1279,Sara,Davis,student279@university.com,Male,18,Business,94.03,83.11,65.34,67.58,59.51,69.0,60.73,68.09,C,6,Yes,Yes,High School,Medium,8,4.4,Average
S1280,Maria,Smith,student280@university.com,Male,22,Business,60.09,57.12,39.55,27.52,44.35,44.75,37.04,41.76,F,8,Yes,Yes,Bachelor's,Low,3,7.0,Poor
S1281,Maria,Brown,student281@university.com,Male,20,Business,80.93,64.7,70.3,83.02,63.04,76.21,89.77,74.85,B,13,No,Yes,Bachelor's,Medium,6,6.7,Good
S1282,Emma,Davis,student282@university.com,Female,19,Business,98.0,76.81,83.07,92.41,67.01,75.69,88.98,82.06,B,17,No,Yes,Master's,High,9,8.2,Good
S1283,Omar,Brown,student283@university.com,Female,20,Engineering,53.13,99.75,92.13,100.0,97.97,98.39,87.94,95.21,A,24,Yes,Yes,Bachelor's,Medium,10,5.6,Excellent
S1284,Sara,Jones,student284@university.com,Male,24,CS,87.19,79.99,78.83,88.71,83.28,75.54,88.26,82.55,B,20,No,Yes,Bachelor's,Low,5,4.2,Good
S1285,John,Williams,student285@university.com,Male,19,Engineering,96.73,97.33,92.63,86.44,89.82,92.34,84.16,90.64,A,30,No,Yes,High School,High,4,6.1,Excellent
S1286,Ali,Smith,student286@university.com,Male,24,Mathematics,95.62,75.92,75.78,79.81,81.84,82.74,79.32,78.42,B,18,No,Yes,PhD,Medium,9,8.8,Good
S1287,Ahmed,Brown,student287@university.com,Female,22,CS,99.9,81.91,80.68,66.86,85.17,87.75,80.31,79.94,B,22,No,Yes,High School,High,4,8.0,Good
S1288,Ali,Johnson,student288@university.com,Male,21,CS,53.41,29.91,63.13,85.42,76.22,89.87,81.92,67.57,C,12,Yes,No,High School,Low,3,4.2,Average
S1289,Liam,Brown,student289@university.com,Male,22,CS,61.61,53.83,70.17,75.01,74.17,77.11,73.6,69.41,B,23,Yes,Yes,Master's,Low,7,8.4,Good
S1290,Ali,Johnson,student290@university.com,Male,18,Engineering,90.41,99.6,98.2,85.89,90.36,88.53,88.52,92.95,A,28,Yes,Yes,Master's,Medium,5,6.4,Excellent
S1291,John,Davis,student291@university.com,Female,22,Mathematics,100.0,88.02,95.58,97.34,93.02,100.0,84.6,92.32,A,28,Yes,Yes,PhD,Low,1,5.8,Excellent
S1292,Ali,Smith,student292@university.com,Male,19,Engineering,62.81,54.21,61.65,73.06,62.69,63.18,58.41,61.48,C,18,No,No,,Medium,8,5.7,Average
S1293,Sara,Brown,student293@university.com,Female,20,Mathematics,75.55,78.0,77.48,84.69,73.25,77.32,86.49,80.03,B,16,Yes,Yes,Bachelor's,Low,1,7.0,Good
S1294,Sara,Brown,student294@university.com,Male,21,Engineering,98.67,90.17,89.72,92.56,89.1,96.98,95.46,92.05,A,22,Yes,Yes,Bachelor's,Low,9,6.7,Excellent
S1295,Maria,Smith,student295@university.com,Male,24,Engineering,71.15,76.3,73.47,87.17,83.37,73.76,82.11,78.84,B,18,No,Yes,High School,Low,1,7.3,Good
S1296,Emma,Brown,student296@university.com,Male,22,Engineering,63.67,77.18,63.88,57.42,53.33,71.11,52.66,62.99,C,12,Yes,No,High School,Medium,4,6.9,Average
S1297,Omar,Johnson,student297@university.com,Female,22,CS,77.91,28.78,77.22,90.82,93.72,97.11,93.33,76.43,B,26,No,Yes,PhD,Medium,10,4.7,Good
S1298,Ahmed,Brown,student298@university.com,Male,20,Engineering,69.65,61.01,55.43,68.66,56.02,63.54,57.08,59.73,C,6,No,Yes,Bachelor's,Medium,4,5.3,Average
S1299,Liam,Williams,student299@university.com,Male,21,Mathematics,97.04,84.43,90.96,93.29,91.06,98.91,89.84,90.58,A,26,Yes,Yes,High School,Medium,9,8.2,Excellent
S1300,Ali,Davis,student300@university.com,Female,23,Mathematics,84.57,92.22,92.86,87.87,90.75,96.82,92.04,92.0,A,25,Yes,Yes,High School,Low,1,7.3,Excellent
S1301,Ali,Jones,student301@university.com,Female,24,Mathematics,93.35,91.28,80.01,77.84,73.63,84.24,81.87,82.1,B,12,Yes,Yes,Master's,High,10,6.2,Good
S1302,John,Johnson,student302@university.com,Female,22,CS,91.11,82.39,74.13,83.54,77.15,84.03,86.18,80.9,B,13,No,No,,Medium,9,4.9,Good
S1303,Emma,Williams,student303@university.com,Male,22,Engineering,81.92,68.56,62.3,64.48,60.58,65.59,63.8,64.34,C,9,No,Yes,PhD,Low,4,4.0,Average
S1304,Sara,Davis,student304@university.com,Female,23,Engineering,61.49,53.04,61.87,61.85,61.43,74.83,69.82,62.94,C,19,Yes,Yes,,Low,7,5.6,Average
S1305,Ahmed,Smith,student305@university.com,Male,24,Business,69.62,42.65,49.46,57.75,38.48,45.33,53.39,48.62,D,8,No,Yes,,Medium,9,4.3,Poor
S1306,Maria,Johnson,student306@university.com,Female,19,CS,83.44,83.23,83.14,78.11,74.57,84.0,85.6,82.12,B,22,Yes,Yes,PhD,Medium,7,6.4,Good
S1307,Sara,Jones,student307@university.com,Female,19,Mathematics,81.33,86.72,83.47,74.5,72.98,81.16,81.85,81.17,B,23,No,Yes,Bachelor's,Low,2,8.1,Good
S1308,Liam,Davis,student308@university.com,Female,18,Mathematics,50.0,65.39,55.74,65.32,48.51,54.47,67.25,60.56,C,14,Yes,No,High School,Medium,6,5.4,Average
S1309,Emma,Jones,student309@university.com,Male,20,Engineering,91.97,77.05,82.6,99.46,91.85,80.91,79.36,84.13,B,24,No,Yes,PhD,Medium,6,8.2,Good
S1310,Liam,Smith,student310@university.com,Male,21,Mathematics,92.49,68.17,74.39,69.28,74.27,85.5,82.98,75.2,B,13,No,Yes,High School,High,3,7.5,Good
S1311,Omar,Smith,student311@university.com,Male,22,Engineering,98.97,78.42,85.45,96.29,85.86,84.91,92.73,87.11,A,24,Yes,Yes,Master's,High,4,4.6,Excellent
S1312,Maria,Johnson,student312@university.com,Male,24,Engineering,97.61,87.71,84.97,91.2,88.15,88.26,88.43,87.79,B,25,No,Yes,,Medium,6,7.2,Good
S1313,Omar,Brown,student313@university.com,Male,22,Business,72.15,41.68,36.88,35.05,38.18,18.23,46.78,37.81,F,0,Yes,Yes,Master's,High,6,4.8,Poor
S1314,John,Smith,student314@university.com,Male,18,CS,50.31,57.31,55.2,67.63,70.02,61.41,59.46,60.44,C,10,No,Yes,,High,1,7.3,Average
S1315,Liam,Davis,student315@university.com,Male,24,Engineering,61.87,78.34,69.3,67.22,59.82,67.58,64.91,68.8,C,13,Yes,Yes,Bachelor's,Medium,10,4.7,Average
S1316,John,Brown,student316@university.com,Male,24,Engineering,81.13,79.35,80.5,80.11,72.15,89.82,83.99,81.01,B,22,Yes,Yes,PhD,Low,8,6.0,Good
S1317,Ali,Williams,student317@university.com,Male,22,Engineering,85.84,87.51,85.96,88.09,86.2,86.14,94.36,88.31,A,21,Yes,Yes,Bachelor's,Low,9,6.8,Excellent
S1318,Omar,Jones,student318@university.com,Female,20,Business,89.14,79.62,85.91,91.57,89.25,93.37,86.79,86.76,A,26,No,Yes,,Low,2,4.3,Excellent
S1319,Emma,Brown,student319@university.com,Female,18,Engineering,89.1,74.7,80.6,81.9,72.69,83.09,87.82,80.52,B,16,Yes,Yes,Master's,Low,4,4.8,Good
S1320,Liam,Jones,student320@university.com,Male,20,CS,86.48,79.54,75.88,78.56,78.05,80.05,79.01,78.27,B,14,No,Yes,,High,6,5.6,Good
S1321,Ahmed,Brown,student321@university.com,Male,18,CS,61.07,53.87,52.83,53.89,47.2,55.26,66.28,55.57,D,12,Yes,Yes,Bachelor's,High,2,6.3,Average
S1322,Maria,Williams,student322@university.com,Male,22,Mathematics,74.2,62.28,53.62,49.25,65.24,71.49,57.05,58.33,D,6,No,Yes,Bachelor's,Medium,7,8.3,Average
S1323,Sara,Smith,student323@university.com,Male,18,CS,82.22,78.59,71.63,72.41,67.24,79.7,79.26,75.03,B,13,Yes,Yes,Master's,Medium,6,4.9,Good
S1324,Emma,Williams,student324@university.com,Female,19,Mathematics,69.06,36.0,35.0,47.69,39.55,41.83,38.3,38.9,F,1,No,Yes,Master's,Low,8,5.7,Poor
S1325,Emma,Smith,student325@university.com,Female,24,CS,80.36,65.9,62.09,74.46,63.85,63.38,60.77,64.75,C,4,No,Yes,Bachelor's,Low,7,6.4,Average
S1326,John,Smith,student326@university.com,Male,21,Mathematics,82.83,72.18,69.05,77.61,85.43,84.28,74.19,75.15,C,15,No,No,,Medium,10,5.5,Average
S1327,Omar,Jones,student327@university.com,Female,22,Engineering,80.91,56.32,60.18,72.83,49.03,77.87,71.63,64.25,C,8,Yes,Yes,,Medium,1,7.1,Average
S1328,Liam,Davis,student328@university.com,Female,23,Business,77.25,77.1,76.38,71.4,74.85,84.96,87.78,78.76,B,16,Yes,Yes,PhD,Low,10,5.3,Good
S1329,Liam,Williams,student329@university.com,Male,21,Business,92.74,89.24,88.28,85.02,92.96,91.38,91.02,89.31,A,22,No,Yes,Bachelor's,High,10,7.9,Excellent
S1330,Ali,Brown,student330@university.com,Male,22,Business,96.58,77.96,75.79,78.71,75.77,77.63,81.92,78.07,B,18,No,Yes,PhD,High,5,6.5,Good
S1331,Ali,Williams,student331@university.com,Male,21,Engineering,62.61,69.97,60.21,53.88,61.26,56.22,53.18,59.51,C,14,No,Yes,Bachelor's,High,6,4.4,Average
S1332,Maria,Jones,student332@university.com,Male,19,Business,95.88,94.75,86.2,93.22,82.34,94.02,93.51,90.82,A,19,Yes,Yes,PhD,High,7,7.1,Excellent
S1333,John,Smith,student333@university.com,Female,21,CS,54.72,89.05,86.28,91.68,92.68,84.02,91.19,89.04,A,27,Yes,Yes,High School,High,4,6.8,Excellent
S1334,Emma,Jones,student334@university.com,Male,18,Mathematics,67.96,83.95,88.8,94.91,86.0,85.46,90.03,88.38,A,29,No,Yes,,Medium,9,5.7,Excellent
S1335,Liam,Johnson,student335@university.com,Female,21,Engineering,100.0,93.55,91.78,94.15,91.9,92.22,91.35,92.46,A,22,Yes,Yes,,Medium,1,4.1,Excellent
S1336,Ahmed,Johnson,student336@university.com,Male,22,Business,50.0,56.15,39.16,41.78,53.25,25.93,50.86,45.38,F,0,Yes,Yes,High School,Low,3,5.0,Poor
S1337,John,Brown,student337@university.com,Female,23,CS,69.13,63.75,63.07,73.08,53.24,53.01,64.27,62.96,C,12,Yes,Yes,Master's,Medium,10,6.0,Average
S1338,Maria,Jones,student338@university.com,Male,23,CS,73.72,83.7,77.4,79.64,89.13,83.35,77.92,80.87,B,16,Yes,Yes,High School,Medium,2,5.0,Good
S1339,Maria,Brown,student339@university.com,Male,20,Engineering,98.36,88.32,94.86,96.8,92.31,89.1,92.86,92.61,A,29,Yes,No,,Medium,2,6.9,Excellent
S1340,John,Brown,student340@university.com,Female,24,Engineering,75.67,83.33,82.3,84.57,78.36,84.33,87.5,83.7,B,16,No,Yes,Bachelor's,Medium,1,7.6,Good
S1341,Maria,Johnson,student341@university.com,Female,21,Business,82.11,73.36,78.42,82.27,85.38,78.42,65.66,76.13,B,21,No,Yes,PhD,Low,3,8.3,Good
S1342,John,Brown,student342@university.com,Female,23,Mathematics,90.83,92.69,96.08,94.14,88.6,88.6,94.58,93.32,A,30,Yes,Yes,,Medium,10,7.2,Excellent
S1343,Sara,Johnson,student343@university.com,Male,21,Business,92.82,81.42,77.96,76.52,74.33,81.44,78.56,78.54,B,18,No,Yes,High School,Medium,5,7.4,Good
S1344,John,Smith,student344@university.com,Female,24,Business,87.54,73.61,80.29,91.34,78.3,86.61,76.35,80.26,B,19,Yes,Yes,Bachelor's,Low,6,7.0,Good
S1345,Omar,Jones,student345@university.com,Female,23,Engineering,73.48,46.88,58.41,81.12,70.33,61.82,56.18,60.6,C,10,No,Yes,,Medium,8,8.9,Average
S1346,John,Brown,student346@university.com,Female,24,Business,59.5,64.85,61.11,66.53,64.05,76.58,69.54,66.2,C,15,Yes,Yes,High School,Low,4,5.3,Average
S1347,Maria,Johnson,student347@university.com,Female,21,Business,97.77,98.2,91.88,100.0,84.38,96.21,81.59,91.99,A,23,Yes,Yes,,High,1,5.3,Excellent
S1348,Liam,Williams,student348@university.com,Female,22,Mathematics,90.26,89.54,72.78,75.35,67.86,79.17,68.15,75.74,B,9,Yes,Yes,High School,High,9,4.6,Good
S1349,Omar,Brown,student349@university.com,Female,21,CS,61.37,62.23,58.65,48.38,57.44,78.15,67.89,61.5,C,9,No,No,High School,Medium,3,6.4,Average
S1350,Maria,Davis,student350@university.com,Female,24,CS,80.59,78.11,72.79,82.84,69.8,85.56,63.77,74.54,B,16,No,Yes,,Medium,8,4.5,Good
S1351,Ali,Smith,student351@university.com,Female,22,Mathematics,54.05,46.33,36.03,45.23,25.94,30.15,46.99,40.07,F,3,No,Yes,Bachelor's,Medium,4,5.4,Poor
S1352,Ali,Smith,student352@university.com,Female,22,CS,55.76,58.15,57.71,70.57,55.86,64.3,82.36,65.13,C,2,Yes,Yes,,Medium,3,6.4,Average
S1353,Liam,Williams,student353@university.com,Male,20,Business,100.0,93.92,88.54,88.61,88.41,91.09,90.7,90.3,A,27,Yes,Yes,,High,3,8.8,Excellent
S1354,Liam,Johnson,student354@university.com,Male,23,Mathematics,99.78,94.31,92.64,84.92,84.24,80.8,87.95,88.85,A,26,No,No,Bachelor's,High,4,8.8,Excellent
S1355,Omar,Brown,student355@university.com,Female,18,Mathematics,53.84,60.23,57.87,64.82,54.49,66.64,71.13,62.58,C,11,No,Yes,,Medium,4,7.7,Average
S1356,Sara,Johnson,student356@university.com,Male,22,Engineering,96.97,94.66,91.54,89.92,93.5,100.0,91.48,92.95,A,22,Yes,Yes,PhD,Low,7,5.9,Excellent
S1357,Liam,Smith,student357@university.com,Male,24,CS,95.24,79.09,80.3,82.76,79.17,75.88,81.24,80.06,B,19,Yes,Yes,PhD,Low,2,8.3,Good
S1358,Ali,Johnson,student358@university.com,Female,23,Engineering,58.82,49.62,41.51,42.63,47.5,42.79,35.49,42.82,D,2,Yes,Yes,PhD,High,8,8.4,Poor
S1359,John,Smith,student359@university.com,Female,19,Business,89.0,74.2,72.01,81.14,79.78,74.86,86.32,77.74,B,15,No,Yes,High School,Low,2,8.6,Good
S1360,Maria,Johnson,student360@university.com,Female,21,Mathematics,77.4,56.59,71.29,79.13,75.32,82.68,77.82,72.37,B,16,Yes,Yes,Master's,Medium,1,7.2,Good
S1361,Ali,Williams,student361@university.com,Female,24,Business,83.11,59.56,59.71,70.07,54.41,78.43,49.71,60.58,C,9,Yes,Yes,,Medium,8,5.0,Average
S1362,Ali,Jones,student362@university.com,Female,19,CS,94.94,83.16,76.73,80.48,84.84,79.68,73.41,79.02,B,17,Yes,Yes,Master's,Medium,4,4.5,Good
S1363,Sara,Williams,student363@university.com,Female,24,Engineering,84.07,79.33,75.68,87.41,71.81,85.57,76.46,78.93,B,18,Yes,Yes,PhD,Medium,6,8.6,Good
S1364,Omar,Williams,student364@university.com,Male,21,CS,57.92,25.0,35.68,37.21,53.51,48.86,44.37,38.61,F,4,No,Yes,Bachelor's,Medium,1,4.3,Poor
S1365,Omar,Jones,student365@university.com,Female,20,Business,95.91,86.14,73.33,78.8,79.39,88.88,75.34,79.28,B,11,Yes,Yes,PhD,Low,3,5.5,Good
S1366,Emma,Jones,student366@university.com,Male,24,Engineering,50.0,56.3,43.01,41.27,37.57,21.1,40.45,42.16,D,3,No,Yes,,Low,7,6.4,Poor
S1367,Sara,Brown,student367@university.com,Female,22,CS,50.0,38.63,45.18,54.58,42.08,43.08,34.04,42.53,D,10,Yes,Yes,Master's,High,7,4.1,Poor
S1368,John,Brown,student368@university.com,Female,18,Business,100.0,86.32,92.69,100.0,88.78,95.01,97.35,93.29,A,24,No,Yes,Master's,High,8,8.5,Excellent
S1369,Omar,Williams,student369@university.com,Male,22,CS,98.09,88.06,92.44,91.72,91.69,99.46,92.02,92.0,A,29,No,No,High School,Low,2,5.4,Excellent
S1370,Maria,Williams,student370@university.com,Female,21,Mathematics,94.53,91.91,87.99,93.56,82.41,81.85,93.94,89.63,A,23,No,Yes,Bachelor's,Low,7,4.1,Excellent
S1371,Liam,Smith,student371@university.com,Female,24,Engineering,99.95,91.22,92.8,91.7,95.64,95.43,88.27,91.96,A,24,No,No,PhD,High,4,9.0,Excellent
S1372,Sara,Smith,student372@university.com,Male,18,Engineering,79.29,65.99,86.29,89.61,86.75,95.42,92.06,84.84,A,24,Yes,Yes,Bachelor's,Medium,6,5.6,Excellent
S1373,Liam,Brown,student373@university.com,Female,22,Engineering,79.86,47.31,53.47,61.54,66.35,62.62,63.03,57.56,D,7,No,Yes,,High,4,8.4,Average
S1374,Ali,Davis,student374@university.com,Male,18,Mathematics,97.46,82.29,84.65,91.2,87.58,90.17,91.12,87.3,B,24,No,No,High School,High,9,6.3,Good
S1375,Maria,Davis,student375@university.com,Female,21,Engineering,79.08,79.84,80.37,90.88,75.94,83.67,76.94,81.04,B,15,Yes,Yes,PhD,Low,1,7.3,Good
S1376,Maria,Brown,student376@university.com,Female,20,Mathematics,69.37,58.17,55.75,67.88,78.79,59.27,61.67,61.89,C,11,No,Yes,,High,1,5.2,Average
S1377,Ali,Smith,student377@university.com,Male,20,Engineering,100.0,91.32,84.59,98.42,77.87,83.07,89.52,88.17,B,20,No,Yes,Bachelor's,High,5,6.5,Good
S1378,Sara,Smith,student378@university.com,Female,24,CS,60.3,37.94,50.72,69.57,61.95,56.28,57.12,53.95,D,10,Yes,Yes,High School,Low,5,5.3,Average
S1379,Ali,Davis,student379@university.com,Male,22,CS,56.01,73.09,64.68,82.96,60.87,76.86,73.24,71.65,C,15,No,Yes,PhD,Medium,8,8.8,Average
S1380,Liam,Johnson,student380@university.com,Male,19,CS,92.59,93.99,94.24,82.7,90.23,97.79,100.0,93.56,A,25,Yes,Yes,Bachelor's,Medium,7,4.3,Excellent
S1381,Emma,Johnson,student381@university.com,Male,21,CS,56.27,47.57,56.88,45.86,66.76,64.96,74.43,58.67,C,12,No,Yes,PhD,Medium,3,5.4,Average
S1382,Maria,Smith,student382@university.com,Female,22,Mathematics,83.56,76.95,60.5,68.36,62.21,65.07,52.43,63.98,C,7,No,Yes,High School,Low,8,8.5,Average
S1383,Ahmed,Johnson,student383@university.com,Female,22,Business,72.44,45.04,42.59,29.37,28.21,54.35,41.53,40.62,D,4,No,No,High School,High,4,6.4,Poor
S1384,Ahmed,Jones,student384@university.com,Male,20,Business,54.57,47.26,59.08,72.14,55.28,70.59,65.2,60.67,C,10,Yes,Yes,Bachelor's,Medium,3,7.0,Average
S1385,Liam,Brown,student385@university.com,Female,24,CS,72.1,79.57,62.98,68.94,59.54,73.6,66.69,68.65,C,5,No,No,PhD,High,2,7.3,Average
S1386,John,Brown,student386@university.com,Female,18,Business,78.79,79.4,78.31,86.21,72.98,90.55,79.45,80.63,B,21,Yes,Yes,Master's,Low,9,4.4,Good
S1387,Omar,Smith,student387@university.com,Female,21,Business,96.45,88.57,93.8,95.8,88.54,94.7,94.47,92.75,A,19,No,No,,Medium,7,4.1,Excellent
S1388,Ali,Williams,student388@university.com,Male,18,Engineering,59.2,53.03,52.44,72.44,58.94,60.81,54.13,57.38,D,1,No,Yes,High School,Medium,5,8.7,Average
S1389,Ali,Davis,student389@university.com,Female,23,Mathematics,89.98,30.81,49.73,60.21,52.27,64.46,67.91,52.88,D,3,No,Yes,PhD,High,9,5.4,Poor
S1390,John,Smith,student390@university.com,Male,23,CS,57.23,51.59,48.23,54.73,32.21,42.03,40.42,46.09,D,9,No,Yes,Bachelor's,Medium,3,5.9,Poor
S1391,John,Johnson,student391@university.com,Female,21,Business,93.45,81.63,75.13,83.05,75.42,73.1,78.75,78.17,B,11,Yes,No,Bachelor's,Low,6,7.4,Good
S1392,Liam,Davis,student392@university.com,Female,24,Business,86.91,84.55,74.23,80.76,72.09,77.24,77.46,78.01,B,14,Yes,Yes,High School,High,8,5.2,Good
S1393,Liam,Williams,student393@university.com,Male,19,CS,68.03,67.63,57.44,54.54,47.22,59.96,70.86,60.96,C,8,Yes,Yes,High School,High,9,7.7,Average
S1394,John,Johnson,student394@university.com,Female,23,Engineering,92.04,78.27,76.45,69.53,80.97,84.3,77.54,77.23,B,13,No,Yes,Master's,Medium,4,6.3,Good
S1395,Maria,Jones,student395@university.com,Male,20,CS,96.88,74.9,45.15,46.54,36.63,39.8,43.93,49.68,D,1,Yes,Yes,Bachelor's,Medium,1,8.3,Poor
S1396,Liam,Johnson,student396@university.com,Female,19,Engineering,50.18,32.37,41.8,55.36,34.04,49.01,61.99,45.93,D,7,Yes,Yes,PhD,Medium,8,5.4,Poor
S1397,Emma,Jones,student397@university.com,Male,22,Business,73.37,71.08,79.07,84.53,79.2,84.84,76.13,78.29,B,20,No,Yes,,Medium,10,5.0,Good
S1398,Liam,Davis,student398@university.com,Female,23,Mathematics,80.25,45.49,56.48,62.46,67.53,66.54,80.59,62.11,C,7,Yes,Yes,,High,3,8.2,Average
S1399,Ali,Jones,student399@university.com,Female,20,Engineering,50.0,62.22,58.67,64.62,47.34,57.48,60.51,59.39,C,10,No,No,Master's,High,6,5.6,Average
S1400,Liam,Davis,student400@university.com,Female,22,Engineering,93.38,88.75,93.64,83.64,92.02,98.58,93.14,91.39,A,26,No,Yes,PhD,Medium,4,6.1,Excellent
S1401,Maria,Davis,student401@university.com,Male,19,CS,50.0,46.8,45.24,48.07,31.75,42.77,56.95,46.72,D,11,Yes,Yes,,High,6,8.0,Poor
S1402,John,Davis,student402@university.com,Male,21,Business,81.18,74.85,70.1,80.19,73.97,83.34,69.55,74.16,B,13,Yes,Yes,,Low,3,7.2,Good
S1403,Ali,Davis,student403@university.com,Male,22,Mathematics,92.23,60.65,60.93,72.96,65.17,46.03,81.34,65.69,C,6,No,No,PhD,High,7,6.2,Average
S1404,Liam,Davis,student404@university.com,Female,18,CS,82.17,78.94,81.44,81.06,74.0,83.19,76.36,79.3,B,15,No,Yes,PhD,Low,2,5.2,Good
S1405,Maria,Johnson,student405@university.com,Male,21,CS,58.89,25.67,42.54,46.46,45.85,45.15,53.2,42.48,D,3,No,Yes,High School,Low,5,7.8,Poor
S1406,Emma,Davis,student406@university.com,Male,21,Mathematics,91.6,83.04,78.36,71.85,72.6,76.21,86.48,79.15,B,19,No,Yes,,Low,3,4.9,Good
S1407,Liam,Johnson,student407@university.com,Male,19,Business,94.42,95.36,89.45,87.6,91.74,94.37,96.23,92.43,A,23,Yes,Yes,,Medium,5,8.6,Excellent
S1408,Maria,Davis,student408@university.com,Male,19,Mathematics,50.0,45.41,39.64,53.76,33.32,39.39,34.42,41.21,F,5,No,Yes,Master's,High,3,4.8,Poor
S1409,Emma,Jones,student409@university.com,Male,20,CS,100.0,93.04,87.85,93.31,80.25,93.25,80.91,88.1,A,21,Yes,Yes,High School,Low,9,8.0,Excellent
S1410,John,Davis,student410@university.com,Male,20,CS,92.01,65.97,71.53,85.68,72.6,75.2,82.1,75.13,B,18,No,Yes,High School,Medium,8,6.1,Good
S1411,Liam,Williams,student411@university.com,Male,18,Engineering,50.0,35.17,33.48,27.19,17.7,42.27,39.38,33.36,F,7,Yes,Yes,,High,2,4.9,Poor
S1412,Emma,Davis,student412@university.com,Male,21,Mathematics,57.68,51.73,44.22,42.27,36.59,45.0,31.43,42.19,D,6,No,No,Bachelor's,High,8,6.0,Poor
S1413,Ali,Davis,student413@university.com,Male,24,Mathematics,88.37,82.08,73.72,68.38,73.43,76.73,80.6,76.24,B,23,No,Yes,Bachelor's,Medium,8,5.1,Good
S1414,John,Jones,student414@university.com,Male,18,Mathematics,72.89,58.04,60.45,61.02,69.2,67.37,75.14,64.56,C,5,Yes,Yes,PhD,High,10,4.7,Average
S1415,Ali,Brown,student415@university.com,Female,18,CS,90.9,70.0,82.41,70.69,81.97,89.13,91.1,80.54,B,22,No,Yes,High School,Medium,3,5.2,Good
S1416,Ahmed,Jones,student416@university.com,Female,24,Business,87.71,74.52,75.32,73.06,83.1,84.51,80.64,77.58,B,19,Yes,Yes,,Medium,10,8.3,Good
S1417,Sara,Williams,student417@university.com,Male,24,CS,81.77,85.7,86.8,87.77,81.27,87.07,83.08,85.46,A,21,No,Yes,,Medium,5,4.5,Excellent
S1418,Liam,Brown,student418@university.com,Female,24,Engineering,75.53,50.84,54.56,73.43,50.44,67.29,58.24,58.24,D,9,No,No,,High,2,8.9,Average
S1419,Emma,Smith,student419@university.com,Female,19,CS,73.95,49.24,56.56,68.37,55.38,72.05,65.01,59.99,C,6,No,Yes,Master's,Medium,10,4.0,Average
S1420,Sara,Smith,student420@university.com,Male,18,CS,80.77,57.29,54.64,61.33,66.85,78.42,58.56,60.56,D,1,Yes,Yes,Bachelor's,Medium,6,7.3,Average
S1421,Sara,Williams,student421@university.com,Male,18,CS,67.86,52.45,53.63,57.33,49.18,52.33,68.3,56.31,D,11,No,Yes,Master's,High,2,8.3,Average
S1422,Emma,Jones,student422@university.com,Male,22,Engineering,100.0,93.45,89.02,93.33,93.29,94.65,86.07,90.95,A,23,Yes,Yes,,Low,4,8.7,Excellent
S1423,John,Johnson,student423@university.com,Female,24,Mathematics,87.44,72.39,74.94,78.93,72.52,79.5,82.06,76.67,B,14,No,Yes,,Medium,3,4.7,Good
S1424,Liam,Williams,student424@university.com,Male,24,Business,100.0,87.56,92.55,97.37,92.48,100.0,97.9,94.08,A,20,Yes,Yes,High School,Medium,1,7.5,Excellent
S1425,Ahmed,Brown,student425@university.com,Female,20,Business,88.51,82.58,76.91,79.68,74.69,83.01,85.67,80.6,B,14,Yes,Yes,High School,Low,8,4.5,Good
S1426,Ali,Brown,student426@university.com,Male,20,Engineering,72.77,69.8,67.0,76.17,79.3,80.18,78.69,73.82,C,13,No,Yes,Bachelor's,High,8,5.8,Average
S1427,Maria,Davis,student427@university.com,Female,21,Mathematics,53.79,59.45,42.67,26.79,34.02,43.7,50.84,44.52,D,4,No,No,PhD,High,1,7.7,Poor
S1428,Ali,Smith,student428@university.com,Female,20,Mathematics,87.26,76.3,79.27,78.61,86.36,87.04,85.24,81.26,B,17,No,Yes,,High,6,5.7,Good
S1429,Maria,Brown,student429@university.com,Male,23,Engineering,89.65,88.5,91.3,86.97,91.8,92.31,95.28,91.04,A,30,No,Yes,High School,Medium,1,5.6,Excellent
S1430,Ali,Williams,student430@university.com,Male,21,CS,88.85,85.52,96.45,93.1,93.96,92.15,96.26,93.04,A,29,Yes,No,Bachelor's,Low,9,4.6,Excellent
S1431,Emma,Brown,student431@university.com,Female,24,Mathematics,62.51,62.11,53.36,60.23,57.61,71.47,60.32,59.77,D,9,Yes,Yes,Master's,High,1,4.3,Average
S1432,Ahmed,Williams,student432@university.com,Female,22,Business,60.15,52.58,52.77,79.56,55.47,71.65,66.68,61.69,D,9,No,Yes,,Low,3,4.6,Average
S1433,Liam,Johnson,student433@university.com,Male,20,Engineering,92.7,93.92,89.17,91.06,95.97,100.0,96.59,93.65,A,21,Yes,Yes,PhD,High,9,8.4,Excellent
S1434,Maria,Davis,student434@university.com,Male,22,Business,95.79,86.93,90.52,92.98,92.73,84.14,91.96,90.04,A,24,No,Yes,Bachelor's,Medium,1,4.1,Excellent
S1435,Liam,Smith,student435@university.com,Female,20,CS,86.35,72.33,66.08,68.37,70.48,63.27,72.5,69.12,C,15,No,Yes,PhD,High,2,7.5,Average
S1436,Liam,Brown,student436@university.com,Male,20,Engineering,90.81,84.54,86.76,90.73,88.27,97.45,95.43,89.87,A,25,No,Yes,,Low,4,7.8,Excellent
S1437,Liam,Williams,student437@university.com,Female,22,Business,81.46,45.84,54.98,76.54,55.9,65.45,62.52,59.03,D,0,No,Yes,Bachelor's,Low,7,6.8,Average
S1438,Omar,Jones,student438@university.com,Male,18,Business,77.72,61.87,61.72,64.15,56.37,78.81,57.9,62.52,C,11,No,Yes,High School,Low,8,7.7,Average
S1439,John,Smith,student439@university.com,Male,18,CS,87.28,96.31,91.3,88.66,86.34,100.0,94.13,92.85,A,23,Yes,Yes,PhD,Medium,1,7.3,Excellent
S1440,Ali,Johnson,student440@university.com,Male,18,Engineering,88.9,91.93,88.15,96.19,86.6,80.43,94.62,90.48,A,18,No,Yes,Master's,High,1,6.3,Excellent
S1441,Liam,Williams,student441@university.com,Female,23,Mathematics,62.65,11.68,37.33,53.14,41.29,37.74,58.89,39.32,F,9,Yes,Yes,Master's,Medium,5,5.9,Poor
S1442,Ali,Davis,student442@university.com,Male,18,Mathematics,89.39,69.64,73.04,79.79,68.3,80.62,78.51,74.75,B,18,No,Yes,PhD,Medium,8,8.7,Good
S1443,Liam,Davis,student443@university.com,Female,20,Business,86.72,81.74,79.02,84.22,90.93,80.11,74.35,80.71,B,14,No,Yes,,Low,1,8.9,Good
S1444,Maria,Johnson,student444@university.com,Male,24,CS,68.42,73.86,57.14,62.73,55.48,61.23,70.75,64.29,C,7,No,Yes,,Low,3,7.3,Average
S1445,John,Johnson,student445@university.com,Female,19,Business,87.98,42.54,33.03,36.44,40.36,46.52,28.69,36.66,F,1,No,Yes,,Medium,6,5.0,Poor
S1446,John,Davis,student446@university.com,Female,22,CS,58.02,48.23,41.92,35.37,46.93,51.06,53.61,45.95,D,4,Yes,Yes,Master's,Medium,1,6.2,Poor
S1447,Emma,Brown,student447@university.com,Male,24,Mathematics,62.04,57.39,59.05,76.77,54.4,56.7,70.32,62.93,C,6,Yes,Yes,Master's,High,3,6.5,Average
S1448,Omar,Brown,student448@university.com,Female,19,Business,88.69,69.34,75.86,77.1,77.5,83.46,85.71,77.64,B,17,No,Yes,High School,Low,1,7.8,Good
S1449,Emma,Williams,student449@university.com,Female,24,Business,90.04,89.01,90.23,94.55,96.36,95.63,89.65,91.67,A,20,No,Yes,,Low,4,7.3,Excellent
S1450,Emma,Jones,student450@university.com,Female,23,CS,65.16,67.33,59.55,69.62,64.62,63.97,76.26,66.91,C,13,No,Yes,Master's,Low,9,6.6,Average
S1451,Emma,Williams,student451@university.com,Female,19,Engineering,85.57,77.77,77.66,76.35,81.56,84.46,82.14,79.45,B,17,No,Yes,Master's,High,5,7.4,Good
S1452,Emma,Jones,student452@university.com,Male,21,CS,88.63,92.33,85.05,87.11,82.34,82.67,86.04,86.5,A,18,Yes,Yes,,High,3,4.1,Excellent
S1453,Emma,Johnson,student453@university.com,Male,18,Engineering,88.97,44.83,36.91,44.19,8.3,42.11,40.12,37.89,F,5,Yes,Yes,,Low,10,7.9,Poor
S1454,Ahmed,Smith,student454@university.com,Male,23,Mathematics,99.79,84.06,90.14,91.75,84.77,97.37,93.45,90.01,A,22,No,No,Master's,Low,7,5.1,Excellent
S1455,John,Williams,student455@university.com,Female,24,Business,85.01,78.2,77.22,71.81,82.21,85.11,82.97,79.04,B,19,Yes,Yes,PhD,Medium,6,7.3,Good
S1456,Emma,Williams,student456@university.com,Female,20,Business,95.49,98.02,100.0,90.57,90.69,89.57,87.66,93.75,A,28,Yes,No,Master's,Medium,9,4.6,Excellent
S1457,Liam,Jones,student457@university.com,Male,18,CS,74.52,76.46,72.11,78.58,75.56,78.79,81.77,76.9,B,23,No,Yes,High School,High,4,4.6,Good
S1458,John,Johnson,student458@university.com,Male,18,CS,96.92,86.67,92.63,95.61,83.65,98.34,95.36,92.1,A,22,Yes,Yes,Bachelor's,Low,4,4.2,Excellent
S1459,John,Johnson,student459@university.com,Female,19,Mathematics,95.08,91.25,88.52,86.08,88.74,100.0,95.98,91.36,A,22,No,Yes,,Medium,9,8.6,Excellent
S1460,Sara,Jones,student460@university.com,Male,21,Mathematics,100.0,93.23,85.09,92.1,78.4,98.91,91.88,89.84,A,21,Yes,Yes,High School,Medium,2,7.0,Excellent
S1461,Ahmed,Johnson,student461@university.com,Male,18,Engineering,97.55,36.59,51.63,67.23,62.33,51.47,57.17,53.12,D,8,Yes,Yes,PhD,Low,10,5.8,Average
S1462,Emma,Davis,student462@university.com,Female,24,Mathematics,66.0,67.85,57.85,59.79,43.28,63.64,62.88,60.27,C,9,No,Yes,Bachelor's,Low,2,7.9,Average
S1463,Ali,Brown,student463@university.com,Male,24,Mathematics,52.64,51.6,68.4,79.1,70.42,84.92,68.3,68.48,C,20,Yes,Yes,Master's,Medium,9,7.1,Average
S1464,Maria,Davis,student464@university.com,Female,22,Mathematics,50.0,45.07,40.49,44.43,26.05,32.92,42.37,40.17,D,2,Yes,Yes,,Low,7,7.1,Poor
S1465,Omar,Smith,student465@university.com,Male,22,Mathematics,89.62,81.91,79.76,88.56,75.48,86.54,68.52,79.51,B,14,Yes,Yes,Master's,Low,5,6.4,Good
S1466,Liam,Williams,student466@university.com,Female,18,Engineering,83.04,79.84,74.96,78.51,85.92,76.75,83.77,79.51,B,17,Yes,Yes,High School,High,5,4.0,Good
S1467,Ali,Smith,student467@university.com,Female,19,Mathematics,56.01,38.16,41.98,36.54,39.86,39.37,47.41,41.01,D,7,Yes,Yes,,Medium,9,5.3,Poor
S1468,Ahmed,Williams,student468@university.com,Female,19,Engineering,98.1,94.62,89.54,86.75,94.34,89.07,94.94,91.65,A,19,No,No,Master's,Medium,10,4.5,Excellent
S1469,Maria,Brown,student469@university.com,Female,20,CS,50.0,40.93,36.5,40.32,32.41,53.51,38.46,39.64,F,5,No,Yes,,High,5,7.3,Poor
S1470,Ahmed,Johnson,student470@university.com,Female,23,Business,92.35,93.43,88.77,91.29,95.83,97.65,81.11,90.14,A,23,Yes,Yes,High School,High,9,5.2,Excellent
S1471,Liam,Davis,student471@university.com,Male,23,CS,69.18,44.79,43.21,18.75,65.49,45.31,46.49,42.95,D,12,No,Yes,Master's,Medium,8,6.3,Poor
S1472,John,Jones,student472@university.com,Male,23,Mathematics,90.87,94.35,90.22,96.74,90.65,94.29,89.62,92.35,A,22,Yes,Yes,Bachelor's,Medium,6,5.8,Excellent
S1473,Maria,Davis,student473@university.com,Male,21,Business,56.76,26.49,31.81,44.24,23.15,41.91,44.64,35.32,F,3,Yes,Yes,PhD,Low,5,4.7,Poor
S1474,John,Brown,student474@university.com,Female,19,Mathematics,77.9,96.46,75.41,88.16,70.53,83.4,76.35,82.03,B,12,No,Yes,Master's,Low,5,8.8,Good
S1475,Liam,Smith,student475@university.com,Male,20,Mathematics,50.0,44.32,44.78,38.19,49.68,49.94,58.74,47.5,D,6,Yes,Yes,,Medium,5,8.7,Poor
S1476,Ali,Jones,student476@university.com,Female,22,CS,98.18,93.16,91.71,89.63,86.14,100.0,93.14,92.25,A,22,No,Yes,Master's,Low,1,4.4,Excellent
S1477,Liam,Johnson,student477@university.com,Female,24,Mathematics,73.18,70.68,69.79,76.58,77.26,75.61,79.94,74.35,C,13,Yes,Yes,,Low,5,8.1,Average
S1478,Ali,Brown,student478@university.com,Male,23,CS,50.52,46.71,42.6,51.04,36.08,29.82,34.73,41.18,D,6,Yes,Yes,High School,Low,3,6.4,Poor
S1479,Maria,Jones,student479@university.com,Female,22,Mathematics,81.37,83.57,78.16,77.02,71.08,83.61,75.06,78.29,B,23,No,Yes,PhD,High,6,7.9,Good
S1480,Maria,Brown,student480@university.com,Male,22,Engineering,66.24,68.62,63.14,66.26,49.82,66.69,73.5,65.8,C,15,Yes,Yes,,Medium,9,4.8,Average
S1481,Emma,Brown,student481@university.com,Female,18,Business,74.47,72.34,67.09,78.31,62.44,69.7,76.31,71.46,C,7,No,Yes,Master's,Medium,3,4.7,Average
S1482,Ahmed,Johnson,student482@university.com,Female,21,CS,69.66,75.31,77.8,81.43,70.26,81.14,86.58,79.18,B,24,No,Yes,High School,Medium,1,8.5,Good
S1483,Emma,Williams,student483@university.com,Male,20,CS,79.83,70.98,61.3,61.32,64.35,65.03,74.84,66.62,C,4,Yes,Yes,Bachelor's,Low,8,8.5,Average
S1484,Ahmed,Jones,student484@university.com,Female,21,Business,92.28,81.52,71.81,78.77,78.5,77.63,90.49,79.78,B,15,Yes,Yes,Master's,Low,9,6.3,Good
S1485,Emma,Johnson,student485@university.com,Male,18,CS,64.48,26.65,40.13,41.14,44.35,42.4,57.53,41.71,D,7,No,Yes,PhD,High,10,8.4,Poor
S1486,John,Brown,student486@university.com,Female,20,Business,97.52,91.63,85.51,85.05,89.02,100.0,91.74,89.71,A,24,Yes,Yes,High School,High,4,7.3,Excellent
S1487,Maria,Johnson,student487@university.com,Male,20,Engineering,78.42,71.82,73.21,79.26,79.85,78.07,78.59,76.07,B,22,Yes,Yes,Master's,Medium,10,4.9,Good
S1488,Ali,Williams,student488@university.com,Female,19,Mathematics,50.0,37.06,34.54,59.53,55.29,39.19,34.92,41.41,F,0,No,Yes,,High,5,5.6,Poor
S1489,Ahmed,Davis,student489@university.com,Male,21,Engineering,50.0,26.26,33.2,58.78,41.16,43.9,22.8,35.44,F,7,Yes,Yes,,High,3,4.7,Poor
S1490,Liam,Jones,student490@university.com,Male,21,Mathematics,85.49,79.72,77.1,79.12,81.39,91.81,78.67,80.14,B,18,Yes,Yes,,Low,8,7.9,Good
S1491,Ahmed,Williams,student491@university.com,Female,19,Business,63.43,81.14,60.53,48.21,65.47,64.08,69.53,65.45,C,9,No,Yes,Master's,Medium,3,8.9,Average
S1492,Ali,Smith,student492@university.com,Male,22,Engineering,81.83,82.27,77.81,98.68,82.85,76.91,77.46,82.18,B,10,Yes,Yes,PhD,Medium,4,6.7,Good
S1493,Emma,Jones,student493@university.com,Female,18,Mathematics,91.33,88.35,90.65,95.66,83.63,100.0,94.44,91.93,A,24,Yes,Yes,,High,10,7.3,Excellent
S1494,Ahmed,Williams,student494@university.com,Female,21,Business,81.42,87.59,70.38,84.4,78.05,80.57,80.46,79.73,B,9,Yes,Yes,Master's,Low,7,7.7,Good
S1495,Omar,Brown,student495@university.com,Male,19,Mathematics,83.7,90.25,76.32,80.93,80.39,81.65,75.59,80.59,B,11,Yes,Yes,Master's,High,2,5.1,Good
S1496,John,Jones,student496@university.com,Male,24,CS,85.1,91.66,77.89,72.59,71.81,79.36,87.73,81.36,B,13,Yes,Yes,PhD,High,1,5.7,Good
S1497,Maria,Jones,student497@university.com,Male,20,CS,100.0,96.27,92.72,95.66,92.69,98.58,100.0,95.91,A,22,Yes,Yes,High School,Medium,4,6.1,Excellent
S1498,Ali,Johnson,student498@university.com,Male,23,Business,50.0,56.24,43.03,48.83,44.99,23.08,43.3,44.8,D,7,No,Yes,High School,Low,8,7.0,Poor
S1499,Maria,Brown,student499@university.com,Male,24,Mathematics,63.75,50.71,41.74,24.26,39.78,51.22,43.13,41.94,D,6,Yes,Yes,Master's,High,1,8.3,Poor
S1500,Omar,Smith,student500@university.com,Female,19,CS,70.19,64.73,60.27,62.83,50.27,56.03,70.67,62.2,C,9,Yes,No,High School,High,10,5.3,Average
S1501,Ahmed,Davis,student501@university.com,Male,23,Engineering,90.21,75.46,71.39,78.17,84.28,79.99,71.95,75.48,B,17,Yes,No,Bachelor's,Low,3,6.4,Good
S1502,Ahmed,Williams,student502@university.com,Female,22,Mathematics,83.46,78.19,77.83,89.65,77.88,83.74,72.93,79.29,B,20,No,No,PhD,High,4,7.8,Good
S1503,Liam,Johnson,student503@university.com,Male,18,Mathematics,73.34,49.56,64.59,66.61,60.81,65.33,73.3,63.32,C,15,Yes,Yes,Master's,Medium,4,4.4,Average
S1504,Omar,Williams,student504@university.com,Male,23,CS,55.21,30.17,53.63,66.09,60.68,56.45,72.65,55.6,D,9,No,Yes,High School,High,3,6.6,Average
S1505,Ali,Smith,student505@university.com,Male,22,CS,88.04,92.53,93.43,92.42,86.43,85.9,88.47,90.65,A,30,No,Yes,High School,Medium,3,4.7,Excellent
S1506,Liam,Smith,student506@university.com,Female,23,Business,55.82,38.85,40.23,41.54,48.89,28.78,37.33,39.29,D,8,No,Yes,PhD,Medium,7,6.7,Poor
S1507,John,Jones,student507@university.com,Male,20,Mathematics,59.7,66.01,64.53,66.99,60.62,68.2,66.61,65.59,C,10,No,Yes,,Medium,8,7.8,Average
S1508,Liam,Smith,student508@university.com,Female,20,Engineering,50.0,29.26,42.73,45.81,35.19,65.39,44.6,42.38,D,4,No,Yes,High School,Medium,10,5.2,Poor
S1509,Sara,Williams,student509@university.com,Female,20,CS,71.36,63.0,59.81,78.39,55.28,52.34,71.53,64.38,C,8,Yes,Yes,PhD,Medium,4,8.2,Average
S1510,Ali,Brown,student510@university.com,Female,20,Mathematics,69.86,59.94,56.14,64.44,65.51,59.53,62.81,60.76,C,10,Yes,No,,Medium,8,5.7,Average
S1511,Sara,Brown,student511@university.com,Male,19,CS,73.92,78.59,76.91,82.62,83.06,84.36,82.72,80.62,B,18,Yes,Yes,Master's,High,8,5.0,Good
S1512,Omar,Jones,student512@university.com,Female,20,Business,61.44,44.8,49.47,52.29,33.08,33.41,39.26,43.67,D,8,Yes,Yes,,Low,6,6.3,Poor
S1513,Emma,Davis,student513@university.com,Male,24,Mathematics,63.96,35.93,36.5,54.08,41.23,38.76,42.89,41.0,F,5,No,Yes,High School,High,1,8.4,Poor
S1514,Sara,Williams,student514@university.com,Female,20,Mathematics,94.95,100.0,90.62,87.74,92.59,92.35,87.65,91.84,A,25,No,Yes,Master's,Low,7,4.3,Excellent
S1515,John,Williams,student515@university.com,Male,24,Business,94.54,100.0,87.4,91.08,84.35,96.37,81.63,89.91,A,25,No,No,Master's,High,7,5.6,Excellent
S1516,Liam,Smith,student516@university.com,Female,19,Engineering,51.62,27.39,61.61,85.84,74.98,81.1,75.4,64.44,C,19,No,Yes,,Low,5,7.3,Average
S1517,Emma,Williams,student517@university.com,Male,20,CS,56.98,51.81,49.95,61.68,52.04,69.4,79.41,60.13,D,2,No,Yes,Master's,High,6,5.8,Poor
S1518,Liam,Johnson,student518@university.com,Male,22,Business,59.41,38.75,40.35,45.16,42.19,35.54,42.99,40.98,D,8,No,No,,Medium,9,4.4,Poor
S1519,Sara,Davis,student519@university.com,Male,22,Mathematics,91.82,80.22,83.03,90.16,91.07,90.41,100.0,88.47,B,24,Yes,Yes,,Low,3,5.7,Good
S1520,Liam,Smith,student520@university.com,Female,21,Business,82.64,81.34,76.17,76.45,66.92,79.43,86.18,78.65,B,14,Yes,Yes,,High,4,8.1,Good
S1521,Omar,Johnson,student521@university.com,Female,22,Mathematics,100.0,83.55,84.62,78.02,74.94,82.9,84.62,82.28,B,21,Yes,Yes,PhD,Medium,9,8.8,Good
S1522,Emma,Jones,student522@university.com,Male,18,Business,50.0,51.6,38.88,39.94,29.74,40.62,46.07,42.28,F,4,Yes,Yes,High School,High,10,4.2,Poor
S1523,Omar,Brown,student523@university.com,Female,18,Engineering,64.86,65.19,57.41,67.88,64.03,67.33,60.94,62.9,C,5,No,Yes,Master's,Low,2,6.8,Average
S1524,Sara,Jones,student524@university.com,Female,18,Mathematics,59.27,76.28,63.2,65.11,58.2,57.57,88.49,70.1,C,8,No,Yes,Bachelor's,High,9,4.5,Average
S1525,Omar,Brown,student525@university.com,Female,19,Business,77.61,80.5,78.99,83.6,83.75,92.85,83.04,82.66,B,16,No,No,High School,High,5,7.4,Good
S1526,John,Jones,student526@university.com,Female,22,Engineering,90.86,79.85,79.36,92.41,69.61,89.22,81.08,81.77,B,17,Yes,Yes,Bachelor's,Medium,3,4.0,Good
S1527,Sara,Williams,student527@university.com,Female,24,Engineering,80.8,72.95,75.38,84.51,81.93,87.83,79.92,79.07,B,11,Yes,Yes,,Medium,8,4.1,Good
S1528,Sara,Johnson,student528@university.com,Female,18,CS,87.59,94.1,91.68,94.12,85.17,92.31,89.67,91.54,A,22,Yes,Yes,Master's,Medium,9,7.9,Excellent
S1529,Sara,Brown,student529@university.com,Female,21,Mathematics,70.03,28.66,34.68,40.88,32.61,23.73,65.23,39.21,F,2,Yes,Yes,High School,Low,1,4.4,Poor
S1530,Ali,Smith,student530@university.com,Male,19,CS,64.52,64.18,57.83,68.34,69.53,58.45,73.74,65.09,C,4,Yes,No,Bachelor's,Medium,5,5.5,Average
S1531,Liam,Johnson,student531@university.com,Male,21,Engineering,50.08,47.24,48.45,57.91,65.88,28.0,51.99,50.03,D,7,Yes,Yes,Bachelor's,Low,9,8.8,Poor
S1532,Ali,Smith,student532@university.com,Female,22,CS,62.91,25.3,31.01,32.37,32.24,40.79,38.59,32.69,F,8,No,Yes,Bachelor's,Medium,2,8.9,Poor
S1533,Ali,Johnson,student533@university.com,Male,20,CS,80.76,81.6,76.25,89.71,80.49,74.7,88.18,81.99,B,21,Yes,Yes,High School,Medium,1,4.8,Good
S1534,John,Johnson,student534@university.com,Male,21,Business,68.31,74.59,63.25,68.65,48.03,57.65,75.58,66.71,C,10,Yes,Yes,PhD,Medium,8,6.8,Average
S1535,Emma,Jones,student535@university.com,Male,20,CS,65.29,47.59,44.81,51.96,42.79,37.91,41.87,44.96,D,6,Yes,Yes,,Medium,6,6.8,Poor
S1536,Liam,Brown,student536@university.com,Female,19,Engineering,60.21,59.94,54.8,73.66,58.97,58.19,58.93,60.24,D,8,No,Yes,Master's,Low,2,6.3,Average
S1537,Omar,Brown,student537@university.com,Female,21,CS,87.45,96.17,88.41,87.97,90.94,91.72,90.7,90.94,A,24,Yes,Yes,Bachelor's,Low,3,8.6,Excellent
S1538,Ahmed,Johnson,student538@university.com,Female,21,Mathematics,86.47,76.84,75.83,83.24,79.34,74.81,86.51,79.53,B,18,Yes,Yes,High School,Low,5,7.8,Good
S1539,Sara,Williams,student539@university.com,Female,23,Business,92.31,89.95,86.3,89.41,91.09,97.38,83.27,88.48,A,24,No,Yes,Bachelor's,Medium,1,7.8,Excellent
S1540,Omar,Williams,student540@university.com,Female,19,Engineering,50.0,42.56,40.13,56.93,32.28,35.02,39.87,41.79,D,3,Yes,Yes,High School,Medium,2,5.3,Poor
S1541,Sara,Smith,student541@university.com,Male,19,CS,66.71,68.17,57.8,56.57,63.42,51.38,60.51,60.15,C,16,Yes,Yes,PhD,Medium,1,6.2,Average
S1542,John,Smith,student542@university.com,Female,18,Mathematics,96.88,88.63,87.61,80.99,80.01,95.17,95.07,88.31,A,25,No,No,Bachelor's,Low,7,6.4,Excellent
S1543,Sara,Jones,student543@university.com,Male,22,Engineering,51.93,71.3,54.43,60.68,67.16,51.94,57.76,60.43,D,8,No,Yes,Bachelor's,High,7,5.5,Average
S1544,Ali,Johnson,student544@university.com,Female,21,CS,55.03,61.63,55.99,65.91,60.5,57.58,63.48,60.71,C,15,Yes,Yes,Master's,High,10,4.5,Average
S1545,Liam,Smith,student545@university.com,Male,21,Business,77.33,76.18,76.21,77.07,87.53,74.55,73.25,76.71,B,17,No,Yes,High School,High,5,4.6,Good
S1546,Ahmed,Smith,student546@university.com,Female,24,CS,92.21,92.16,89.45,95.7,100.0,83.75,95.04,92.53,A,23,No,Yes,High School,Low,10,4.9,Excellent
S1547,Maria,Davis,student547@university.com,Female,19,Engineering,83.51,57.04,57.54,57.73,73.48,71.74,65.19,62.01,C,3,Yes,Yes,PhD,High,6,5.0,Average
S1548,Sara,Johnson,student548@university.com,Female,19,Engineering,86.05,70.02,66.15,66.93,73.8,82.97,80.62,72.38,C,12,No,Yes,Bachelor's,Low,3,5.2,Average
S1549,Omar,Jones,student549@university.com,Female,22,Engineering,58.12,68.43,56.8,66.92,65.86,49.86,67.49,62.99,C,8,No,Yes,Master's,Low,2,5.3,Average
S1550,Ali,Smith,student550@university.com,Female,19,Mathematics,93.05,81.21,78.19,80.55,72.89,82.04,70.81,77.53,B,17,Yes,Yes,,Medium,10,6.3,Good
S1551,Maria,Jones,student551@university.com,Female,20,CS,50.0,51.19,48.0,39.73,34.76,32.36,53.76,45.66,D,6,No,Yes,Master's,Medium,9,6.5,Poor
S1552,Ahmed,Brown,student552@university.com,Male,20,CS,76.67,75.71,69.35,68.14,74.58,74.93,80.2,73.69,C,21,Yes,Yes,Master's,Low,2,5.5,Average
S1553,Maria,Jones,student553@university.com,Female,23,CS,79.6,77.45,72.61,78.93,81.94,87.78,79.88,78.43,B,10,No,Yes,Master's,High,1,8.5,Good
S1554,Ali,Williams,student554@university.com,Male,20,Business,50.0,33.14,37.68,38.83,41.07,36.55,51.88,40.01,F,4,No,Yes,Master's,Low,9,6.8,Poor
S1555,Liam,Williams,student555@university.com,Female,20,Mathematics,79.05,85.1,74.48,82.05,77.64,78.39,76.2,78.79,B,15,Yes,Yes,Bachelor's,Low,8,7.9,Good
S1556,Liam,Jones,student556@university.com,Male,22,Mathematics,87.97,93.78,91.86,90.89,83.25,100.0,93.6,92.4,A,23,No,Yes,Master's,High,8,8.6,Excellent
S1557,Emma,Williams,student557@university.com,Male,21,Business,91.86,90.55,89.94,100.0,84.46,99.88,99.0,93.83,A,24,No,Yes,High School,Medium,7,4.8,Excellent
S1558,Liam,Brown,student558@university.com,Male,20,Mathematics,62.52,53.71,54.63,63.37,59.71,70.28,73.72,61.65,D,2,No,Yes,High School,Low,9,6.1,Average
S1559,Emma,Johnson,student559@university.com,Male,23,Business,85.15,61.83,60.61,67.35,62.0,62.39,66.0,63.26,C,11,No,Yes,Master's,Medium,3,6.2,Average
S1560,Maria,Williams,student560@university.com,Male,19,Engineering,69.8,59.01,61.14,61.0,58.64,78.09,63.53,62.62,C,8,No,Yes,High School,Medium,8,5.8,Average
S1561,John,Williams,student561@university.com,Male,20,Engineering,83.08,95.49,91.58,100.0,92.25,95.41,92.18,94.2,A,27,Yes,Yes,Bachelor's,Medium,1,4.0,Excellent
S1562,Omar,Jones,student562@university.com,Female,23,Mathematics,100.0,90.67,88.85,94.14,86.44,93.08,89.94,90.41,A,23,No,Yes,,Low,1,8.1,Excellent
S1563,Omar,Brown,student563@university.com,Male,22,Engineering,84.03,100.0,95.5,94.15,83.62,94.36,88.74,93.54,A,29,Yes,Yes,Master's,High,6,4.6,Excellent
S1564,Maria,Johnson,student564@university.com,Female,24,Engineering,90.89,82.22,72.89,83.2,78.99,73.71,77.1,77.84,B,13,No,Yes,High School,High,8,9.0,Good
S1565,Sara,Jones,student565@university.com,Female,24,Engineering,89.46,62.81,74.77,78.64,77.15,82.81,84.37,75.92,B,19,No,No,High School,Medium,8,7.9,Good
S1566,Sara,Jones,student566@university.com,Male,24,CS,74.48,85.17,69.88,70.89,81.03,85.76,72.56,76.33,C,15,Yes,Yes,Bachelor's,Medium,10,6.9,Average
S1567,Liam,Davis,student567@university.com,Male,19,Engineering,75.6,36.97,62.33,84.52,74.31,76.86,76.33,66.04,C,18,No,Yes,Bachelor's,High,1,4.8,Average
S1568,Omar,Brown,student568@university.com,Female,23,CS,57.53,38.21,42.11,43.9,52.92,32.51,58.16,44.93,D,4,No,Yes,,Medium,1,6.6,Poor
S1569,Omar,Johnson,student569@university.com,Male,20,Business,96.82,93.01,81.41,73.67,75.88,74.61,85.71,82.2,B,24,No,Yes,PhD,High,9,5.3,Good
S1570,Emma,Brown,student570@university.com,Male,21,Business,88.28,85.34,77.24,78.81,75.81,71.97,92.22,81.42,B,16,No,Yes,PhD,High,9,5.3,Good
S1571,John,Johnson,student571@university.com,Male,19,Business,69.36,72.62,60.11,57.22,63.25,63.62,70.11,64.84,C,4,Yes,Yes,PhD,Low,7,8.1,Average
S1572,Ali,Brown,student572@university.com,Male,19,Business,57.63,35.23,61.07,86.29,77.82,86.65,73.73,66.45,C,15,Yes,No,,Medium,1,5.9,Average
S1573,Sara,Jones,student573@university.com,Male,24,Business,72.73,67.98,63.61,65.25,65.52,73.7,70.53,67.31,C,6,No,Yes,Master's,Medium,10,6.3,Average
S1574,Omar,Jones,student574@university.com,Male,21,Engineering,50.0,39.97,35.04,39.67,36.56,36.25,35.2,37.03,F,2,Yes,Yes,PhD,Low,2,8.2,Poor
S1575,Emma,Smith,student575@university.com,Male,24,Engineering,74.72,41.93,44.97,31.52,40.16,59.0,55.23,45.32,D,6,Yes,Yes,PhD,High,8,4.4,Poor
S1576,Ahmed,Williams,student576@university.com,Female,19,Engineering,100.0,95.84,93.32,88.38,86.78,81.3,97.93,92.15,A,23,No,Yes,High School,Medium,8,7.0,Excellent
S1577,Emma,Davis,student577@university.com,Male,20,Business,59.91,37.46,37.42,37.46,43.83,51.25,27.57,37.49,F,4,No,Yes,High School,Low,5,6.9,Poor
S1578,Sara,Brown,student578@university.com,Female,24,Business,91.79,78.68,82.24,82.75,76.87,81.38,78.72,80.28,B,19,Yes,Yes,Master's,High,2,6.1,Good
S1579,Sara,Davis,student579@university.com,Female,24,CS,89.62,79.32,82.77,72.37,75.73,87.39,80.23,79.77,B,25,Yes,Yes,Bachelor's,Low,3,8.1,Good
S1580,Emma,Smith,student580@university.com,Female,24,Mathematics,82.72,84.23,75.61,80.56,74.93,66.68,78.99,77.79,B,19,Yes,Yes,,Low,5,8.7,Good
S1581,Ali,Williams,student581@university.com,Female,19,Engineering,75.59,38.46,41.42,41.8,22.21,30.6,49.77,39.55,D,4,Yes,Yes,PhD,Low,3,6.3,Poor
S1582,Maria,Brown,student582@university.com,Male,20,Mathematics,91.05,79.97,78.68,85.71,73.13,84.2,75.56,79.37,B,18,Yes,Yes,,Low,10,6.3,Good
S1583,Sara,Johnson,student583@university.com,Female,21,Business,82.62,79.79,76.29,75.3,82.24,94.51,73.95,78.79,B,18,Yes,Yes,High School,High,1,6.5,Good
S1584,Emma,Williams,student584@university.com,Female,18,Business,52.57,68.29,57.59,60.52,37.34,75.87,71.08,62.67,C,7,No,No,,Low,6,7.6,Average
S1585,Omar,Jones,student585@university.com,Female,21,Business,94.35,97.84,98.3,99.24,94.69,94.12,92.41,96.39,A,28,No,Yes,High School,High,5,7.3,Excellent
S1586,Emma,Smith,student586@university.com,Female,20,Mathematics,91.64,85.62,90.72,87.97,95.05,94.78,98.89,91.76,A,24,Yes,Yes,,Low,3,5.1,Excellent
S1587,John,Williams,student587@university.com,Female,22,CS,98.47,85.39,93.3,92.04,82.61,92.56,84.82,88.69,A,27,No,Yes,High School,Low,9,4.3,Excellent
S1588,Maria,Williams,student588@university.com,Male,24,Business,100.0,81.35,91.2,98.67,100.0,95.23,88.79,91.15,A,21,No,Yes,,Medium,10,8.7,Excellent
S1589,Ahmed,Jones,student589@university.com,Male,21,CS,90.24,90.1,91.07,92.9,96.73,96.8,89.51,91.98,A,23,Yes,No,PhD,Medium,8,5.3,Excellent
S1590,Ali,Brown,student590@university.com,Female,22,CS,81.99,74.95,80.92,92.24,87.18,87.53,98.28,86.18,B,21,Yes,Yes,PhD,Medium,7,7.2,Good
S1591,Liam,Johnson,student591@university.com,Male,22,Engineering,85.06,20.9,48.98,65.55,46.03,67.65,56.62,48.95,D,12,Yes,Yes,Master's,Medium,2,8.1,Poor
S1592,Ahmed,Jones,student592@university.com,Male,20,Mathematics,93.91,88.0,89.85,88.27,89.48,98.06,91.87,90.43,A,25,No,Yes,,Low,10,5.5,Excellent
S1593,Maria,Johnson,student593@university.com,Female,20,Business,79.59,74.38,80.09,77.94,65.49,87.84,81.79,78.28,B,25,Yes,Yes,Bachelor's,Low,5,7.2,Good
S1594,Maria,Brown,student594@university.com,Female,24,CS,50.0,40.87,41.6,34.64,48.57,43.98,48.95,42.82,D,6,No,Yes,Master's,High,5,4.5,Poor
S1595,Maria,Williams,student595@university.com,Female,18,Mathematics,79.63,76.43,75.64,83.34,66.57,79.4,90.33,79.36,B,15,No,Yes,,Low,6,8.8,Good
S1596,Ahmed,Johnson,student596@university.com,Male,23,Mathematics,69.47,58.42,55.11,55.28,42.33,63.16,66.09,57.52,C,9,Yes,Yes,Bachelor's,High,6,4.3,Average
S1597,Omar,Smith,student597@university.com,Female,19,Business,97.9,90.22,94.92,97.11,89.05,92.13,90.59,92.58,A,29,No,No,PhD,Low,3,6.2,Excellent
S1598,Maria,Smith,student598@university.com,Male,21,Engineering,87.67,86.86,83.7,92.49,91.69,90.04,92.1,88.76,B,19,Yes,Yes,PhD,Low,4,6.7,Good
S1599,Emma,Jones,student599@university.com,Male,20,Engineering,75.92,48.19,79.55,90.08,91.01,94.91,87.12,79.05,B,21,Yes,Yes,PhD,High,1,8.0,Good
S1600,Ahmed,Brown,student600@university.com,Male,21,CS,93.34,96.95,84.85,85.22,89.02,89.79,94.85,90.24,B,23,No,Yes,Bachelor's,Medium,1,4.6,Good
S1601,Liam,Jones,student601@university.com,Female,23,Engineering,85.75,83.12,79.48,80.18,81.1,76.11,71.57,78.56,B,16,Yes,Yes,High School,Low,5,6.2,Good
S1602,Maria,Jones,student602@university.com,Male,23,Engineering,94.18,93.13,92.62,91.6,91.03,86.88,100.0,93.31,A,27,Yes,Yes,,Medium,4,5.5,Excellent
S1603,Emma,Davis,student603@university.com,Female,24,Engineering,95.15,85.82,92.61,93.54,83.49,97.26,90.22,90.47,A,27,Yes,Yes,Master's,High,7,5.6,Excellent
S1604,Omar,Jones,student604@university.com,Female,22,Mathematics,97.96,83.84,89.88,88.58,92.29,100.0,91.31,90.02,A,24,Yes,Yes,Master's,Low,7,7.9,Excellent
S1605,John,Davis,student605@university.com,Female,24,Business,87.08,89.65,76.24,69.52,78.57,72.25,64.96,75.49,B,18,Yes,Yes,PhD,High,4,4.0,Good
S1606,Omar,Smith,student606@university.com,Female,19,Mathematics,91.75,88.58,92.48,91.47,100.0,93.71,94.55,92.84,A,25,Yes,Yes,High School,Low,10,7.7,Excellent
S1607,Liam,Smith,student607@university.com,Female,18,Mathematics,68.87,76.57,77.6,77.54,88.91,89.06,80.82,80.31,B,16,No,Yes,,High,2,8.1,Good
S1608,Maria,Jones,student608@university.com,Male,21,Business,79.11,94.22,76.16,78.62,84.62,90.65,81.31,83.47,B,8,Yes,Yes,,High,10,8.5,Good
S1609,Liam,Smith,student609@university.com,Male,19,Mathematics,70.34,67.47,61.83,58.48,61.41,55.0,62.88,61.94,C,11,No,Yes,Master's,Medium,4,7.1,Average
S1610,Ahmed,Brown,student610@university.com,Male,18,CS,91.64,84.7,85.91,97.98,87.02,86.63,91.45,88.77,A,25,Yes,Yes,Master's,Medium,8,5.7,Excellent
S1611,Sara,Davis,student611@university.com,Male,21,CS,71.84,72.9,61.12,63.11,59.04,56.17,71.56,65.16,C,8,Yes,Yes,Master's,Medium,2,6.1,Average
S1612,Maria,Davis,student612@university.com,Male,19,Mathematics,58.03,46.76,54.29,76.56,50.18,60.27,67.87,59.03,D,4,No,Yes,,Low,5,8.8,Average
S1613,Sara,Jones,student613@university.com,Female,20,Engineering,90.39,79.38,88.99,95.6,87.27,100.0,87.03,88.6,A,23,No,Yes,Master's,High,7,8.4,Excellent
S1614,Emma,Smith,student614@university.com,Female,21,Mathematics,50.0,42.43,35.12,40.3,46.12,30.21,31.18,37.18,F,0,Yes,Yes,,Medium,10,6.3,Poor
S1615,John,Johnson,student615@university.com,Male,19,Engineering,98.63,27.24,39.19,41.99,33.69,52.43,57.28,41.61,F,0,Yes,Yes,PhD,Low,6,8.7,Poor
S1616,Ali,Davis,student616@university.com,Male,23,Mathematics,93.07,87.17,89.32,89.0,86.71,91.51,88.73,88.68,A,23,No,Yes,High School,Medium,9,8.1,Excellent
S1617,Liam,Jones,student617@university.com,Male,18,CS,73.68,79.25,74.67,82.16,72.54,89.63,74.12,77.88,B,19,No,Yes,Master's,Low,2,8.5,Good
S1618,Omar,Jones,student618@university.com,Female,19,Engineering,55.0,55.46,58.13,67.57,40.77,76.14,70.38,61.53,C,4,No,Yes,,High,4,7.4,Average
S1619,John,Brown,student619@university.com,Female,20,CS,67.72,75.38,59.62,59.1,53.33,46.87,62.19,61.3,C,12,No,Yes,PhD,High,7,8.3,Average
S1620,Maria,Williams,student620@university.com,Female,24,Mathematics,100.0,83.0,83.91,84.4,92.25,100.0,84.14,86.29,B,25,Yes,Yes,Bachelor's,High,8,8.5,Good
S1621,Sara,Williams,student621@university.com,Male,21,Business,67.2,79.44,80.6,91.65,77.39,94.24,97.3,86.41,B,23,No,Yes,PhD,Low,5,4.5,Good
S1622,Omar,Davis,student622@university.com,Male,21,Engineering,84.39,76.94,77.59,62.6,88.03,76.59,83.03,77.24,B,23,Yes,Yes,High School,High,5,8.8,Good
S1623,Sara,Brown,student623@university.com,Male,21,Engineering,89.52,80.44,73.96,78.59,72.64,86.79,68.76,76.06,B,13,No,No,PhD,Low,4,5.7,Good
S1624,Ahmed,Brown,student624@university.com,Male,20,Mathematics,61.39,72.02,65.74,66.29,65.15,65.66,50.98,64.06,C,12,Yes,Yes,Master's,Low,9,6.2,Average
S1625,Sara,Brown,student625@university.com,Female,18,Mathematics,54.52,34.47,55.48,87.09,80.42,76.2,75.22,64.53,C,8,No,Yes,Master's,Low,10,8.0,Average
S1626,Ahmed,Davis,student626@university.com,Male,21,Engineering,100.0,88.04,79.41,82.65,85.36,72.52,87.47,83.14,B,12,Yes,Yes,Bachelor's,High,4,7.3,Good
S1627,Emma,Williams,student627@university.com,Male,18,Business,63.99,68.17,59.95,65.01,47.64,68.94,71.67,64.37,C,14,No,Yes,,High,3,8.5,Average
S1628,Omar,Brown,student628@university.com,Male,19,Mathematics,99.05,81.67,86.61,84.53,90.68,95.13,88.42,86.93,A,26,No,No,PhD,High,9,6.0,Excellent
S1629,Omar,Smith,student629@university.com,Female,23,Mathematics,79.31,83.15,87.76,79.26,81.62,79.33,92.32,85.02,A,26,No,Yes,Bachelor's,Low,7,5.9,Excellent
S1630,Ali,Jones,student630@university.com,Female,23,Mathematics,82.24,62.28,59.02,54.0,70.94,66.01,71.81,63.37,C,11,No,Yes,Master's,High,9,4.2,Average
S1631,Maria,Jones,student631@university.com,Male,18,Business,60.36,34.08,37.94,54.76,40.01,46.86,23.46,37.89,F,3,Yes,Yes,,Low,4,6.3,Poor
S1632,Ahmed,Johnson,student632@university.com,Female,18,Engineering,96.36,87.92,85.2,83.74,79.44,84.92,74.01,82.68,A,25,No,Yes,,High,3,7.6,Excellent
S1633,Ali,Johnson,student633@university.com,Female,23,CS,88.04,80.36,77.48,89.54,74.59,77.22,80.25,80.1,B,16,No,Yes,High School,Low,10,5.5,Good
S1634,Sara,Davis,student634@university.com,Female,21,Mathematics,95.86,92.69,94.79,93.53,85.01,97.59,96.32,93.79,A,28,No,Yes,Master's,Medium,8,6.3,Excellent
S1635,Sara,Davis,student635@university.com,Female,22,Business,78.41,70.7,68.6,82.81,70.98,75.32,76.21,73.58,C,15,Yes,Yes,,High,4,5.1,Average
S1636,Ali,Jones,student636@university.com,Female,22,Engineering,79.14,76.72,80.37,85.02,76.07,72.49,86.84,80.41,B,17,Yes,Yes,High School,High,10,7.9,Good
S1637,Omar,Smith,student637@university.com,Male,20,Engineering,100.0,92.23,96.76,93.0,95.47,97.4,87.69,93.41,A,25,No,Yes,High School,Low,3,4.3,Excellent
S1638,Sara,Williams,student638@university.com,Male,24,Business,83.07,77.12,79.2,85.78,79.5,84.4,94.95,83.47,B,16,Yes,Yes,Master's,Low,4,7.5,Good
S1639,Liam,Williams,student639@university.com,Male,23,Mathematics,73.56,78.7,79.44,86.43,68.96,70.21,76.48,77.78,B,16,Yes,Yes,,Low,2,5.9,Good
S1640,Emma,Davis,student640@university.com,Female,23,CS,86.53,92.51,89.68,87.55,82.87,95.35,96.31,91.14,A,27,Yes,Yes,,Medium,4,4.2,Excellent
S1641,Emma,Smith,student641@university.com,Female,20,Mathematics,85.77,82.9,80.89,85.72,85.31,95.21,77.86,83.28,B,16,No,Yes,PhD,High,7,8.3,Good
S1642,Liam,Davis,student642@university.com,Female,22,Engineering,100.0,90.01,94.76,99.66,83.27,90.69,98.89,93.82,A,23,Yes,Yes,,Low,3,6.4,Excellent
S1643,Ali,Williams,student643@university.com,Female,19,CS,78.75,90.15,81.44,82.05,87.0,82.45,86.15,84.87,B,20,Yes,Yes,High School,Medium,1,7.0,Good
S1644,Liam,Davis,student644@university.com,Male,21,Mathematics,93.64,90.25,86.57,95.61,88.17,100.0,92.9,91.43,A,22,No,Yes,Bachelor's,Medium,10,7.7,Excellent
S1645,Ahmed,Brown,student645@university.com,Male,21,CS,57.22,50.97,38.05,53.67,35.03,45.76,29.91,41.82,F,6,No,Yes,Master's,Low,8,7.3,Poor
S1646,Ahmed,Davis,student646@university.com,Male,19,Business,94.36,88.24,85.45,75.38,70.33,76.63,71.98,79.41,A,24,No,Yes,Bachelor's,High,6,7.7,Excellent
S1647,Ali,Jones,student647@university.com,Male,19,Mathematics,66.9,64.56,56.1,74.77,61.07,64.24,62.34,63.15,C,3,Yes,Yes,,Low,3,7.8,Average
S1648,Liam,Davis,student648@university.com,Male,22,Engineering,61.29,64.11,59.12,64.68,65.96,65.75,63.7,63.22,C,10,No,Yes,High School,Low,8,6.9,Average
S1649,Ahmed,Jones,student649@university.com,Male,20,Engineering,80.89,82.43,73.43,73.14,78.52,83.4,75.69,77.14,B,18,Yes,Yes,Bachelor's,Low,6,5.8,Good
S1650,Omar,Smith,student650@university.com,Female,19,CS,90.7,84.33,93.14,93.75,85.52,100.0,100.0,92.77,A,26,Yes,Yes,Master's,Medium,1,5.2,Excellent
S1651,Liam,Williams,student651@university.com,Female,20,Business,83.55,73.64,70.99,86.25,70.41,84.88,74.76,75.89,B,13,No,No,PhD,Medium,9,8.5,Good
S1652,Omar,Johnson,student652@university.com,Male,24,Mathematics,86.03,82.93,74.38,74.98,81.31,79.94,79.31,78.41,B,14,No,Yes,Bachelor's,High,9,8.8,Good
S1653,Ahmed,Johnson,student653@university.com,Female,18,Business,61.84,63.68,60.8,77.24,53.78,74.37,76.98,67.73,C,4,No,Yes,PhD,Medium,9,5.8,Average
S1654,Emma,Williams,student654@university.com,Male,21,Business,76.97,79.81,75.92,76.72,89.21,82.21,75.19,78.63,B,22,No,Yes,,Low,6,4.6,Good
S1655,Ahmed,Johnson,student655@university.com,Male,22,CS,94.92,87.14,90.67,92.22,94.78,92.58,91.77,91.02,A,27,No,Yes,,Medium,6,5.1,Excellent
S1656,Omar,Davis,student656@university.com,Female,21,CS,86.8,81.54,83.36,78.68,78.38,79.77,71.13,78.99,B,25,No,Yes,Master's,High,4,7.4,Good
S1657,John,Smith,student657@university.com,Male,22,Mathematics,83.89,72.7,74.25,75.36,72.78,86.35,82.69,76.86,B,14,Yes,Yes,PhD,Low,8,4.9,Good
S1658,Maria,Smith,student658@university.com,Male,18,Engineering,54.67,62.74,58.91,52.48,61.15,71.97,54.99,59.46,C,16,No,Yes,PhD,Low,9,7.9,Average
S1659,Sara,Williams,student659@university.com,Male,21,Mathematics,78.81,74.33,77.23,86.82,77.08,81.03,82.63,79.53,B,18,Yes,Yes,Master's,Medium,7,8.6,Good
S1660,Liam,Johnson,student660@university.com,Female,18,Business,76.53,75.71,76.32,72.08,80.02,80.42,79.06,76.89,B,24,Yes,Yes,Bachelor's,Medium,7,8.8,Good
S1661,John,Davis,student661@university.com,Female,22,CS,54.27,48.77,47.45,54.64,36.95,22.71,64.53,48.68,D,2,Yes,Yes,Master's,High,2,4.0,Poor
S1662,Ahmed,Smith,student662@university.com,Female,19,Business,88.31,94.56,69.65,74.34,59.82,75.23,73.66,75.71,C,7,Yes,Yes,,Low,2,8.8,Average
S1663,Emma,Smith,student663@university.com,Female,24,CS,93.51,94.79,87.99,78.44,89.25,87.85,89.62,88.36,A,23,Yes,Yes,PhD,High,10,7.7,Excellent
S1664,Ali,Brown,student664@university.com,Male,21,Engineering,100.0,87.24,89.5,86.51,100.0,100.0,86.19,90.04,A,23,Yes,Yes,High School,Medium,2,4.4,Excellent
S1665,Ahmed,Brown,student665@university.com,Female,18,Business,95.23,95.28,92.67,91.68,86.7,99.92,92.63,93.16,A,21,No,Yes,High School,Low,4,6.1,Excellent
S1666,Emma,Smith,student666@university.com,Female,23,CS,100.0,85.53,92.22,83.79,90.06,89.02,90.67,88.77,A,28,Yes,Yes,,Medium,9,7.5,Excellent
S1667,Maria,Williams,student667@university.com,Female,21,Mathematics,87.87,89.84,91.16,91.56,99.4,97.6,90.36,92.26,A,26,Yes,Yes,PhD,Low,5,8.8,Excellent
S1668,Ahmed,Jones,student668@university.com,Male,21,Mathematics,82.56,94.15,89.97,88.84,91.46,93.18,91.08,91.33,A,24,Yes,Yes,PhD,High,2,4.8,Excellent
S1669,Omar,Jones,student669@university.com,Female,21,Mathematics,83.48,83.82,76.46,76.21,78.32,77.46,82.16,79.32,B,14,No,Yes,Master's,Low,4,4.6,Good
S1670,Ali,Davis,student670@university.com,Female,20,Business,98.21,96.66,84.95,96.64,86.98,97.49,94.69,92.45,B,19,Yes,Yes,Bachelor's,Medium,7,6.4,Good
S1671,Emma,Smith,student671@university.com,Male,18,CS,50.36,50.07,36.96,39.3,36.42,66.38,48.02,45.03,F,0,Yes,Yes,Master's,Low,5,8.8,Poor
S1672,Emma,Smith,student672@university.com,Male,18,CS,98.87,96.95,90.1,85.27,84.98,93.34,99.08,92.35,A,24,No,Yes,High School,High,8,8.9,Excellent
S1673,Emma,Smith,student673@university.com,Male,21,CS,91.77,79.85,77.69,76.4,78.84,82.44,85.81,80.14,B,19,No,Yes,PhD,Medium,1,5.1,Good
S1674,Maria,Williams,student674@university.com,Male,19,Business,85.59,75.83,74.62,84.45,77.45,75.51,77.58,77.3,B,21,No,Yes,Bachelor's,High,5,5.6,Good
S1675,Ahmed,Brown,student675@university.com,Female,21,CS,66.04,38.16,42.15,32.91,40.57,41.13,46.86,40.65,D,8,Yes,Yes,Master's,Low,4,8.5,Poor
S1676,Maria,Smith,student676@university.com,Male,20,Engineering,93.42,87.03,89.66,88.92,84.8,98.49,99.24,91.34,A,24,No,Yes,Bachelor's,Low,3,7.7,Excellent
S1677,Liam,Smith,student677@university.com,Female,22,Business,78.5,86.8,76.13,83.03,80.62,74.85,84.07,81.21,B,13,No,Yes,High School,Low,7,8.9,Good
S1678,Sara,Johnson,student678@university.com,Female,20,Engineering,68.53,36.53,33.24,39.14,37.78,25.59,54.59,38.74,F,0,No,Yes,Bachelor's,Low,10,8.5,Poor
S1679,Sara,Williams,student679@university.com,Female,19,Engineering,68.84,33.07,40.16,36.89,48.57,39.32,45.29,40.03,D,8,Yes,Yes,PhD,Medium,1,5.1,Poor
S1680,Liam,Davis,student680@university.com,Female,21,Mathematics,64.71,52.08,56.4,69.86,68.81,70.73,83.6,65.67,C,13,No,No,Bachelor's,Low,6,7.8,Average
S1681,Ahmed,Smith,student681@university.com,Female,18,Business,90.96,53.49,70.11,87.4,77.95,79.67,87.84,74.67,B,12,Yes,Yes,Bachelor's,Medium,8,4.2,Good
S1682,Omar,Johnson,student682@university.com,Male,24,CS,88.21,87.42,90.64,95.1,96.96,95.56,98.59,93.38,A,23,Yes,Yes,Master's,Medium,2,8.1,Excellent
S1683,Maria,Jones,student683@university.com,Female,23,Engineering,71.39,59.69,59.12,64.08,60.67,70.53,61.44,61.74,C,9,No,Yes,Bachelor's,Medium,6,7.0,Average
S1684,Ali,Davis,student684@university.com,Female,21,Business,55.91,30.74,31.93,43.86,38.56,38.35,45.32,37.46,F,3,Yes,Yes,Bachelor's,Low,1,8.8,Poor
S1685,Emma,Smith,student685@university.com,Female,19,CS,75.52,85.64,78.77,72.98,73.67,98.68,73.77,79.76,B,20,Yes,Yes,High School,Low,6,8.8,Good
S1686,Emma,Smith,student686@university.com,Male,18,Mathematics,74.51,65.54,70.1,78.59,90.87,72.73,68.11,72.4,B,21,Yes,Yes,Bachelor's,High,6,4.3,Good
S1687,Ahmed,Johnson,student687@university.com,Female,20,Business,83.28,84.75,73.87,76.92,82.1,90.34,90.72,82.34,B,8,No,Yes,Master's,Low,5,4.8,Good
S1688,Omar,Williams,student688@university.com,Female,22,Business,82.74,55.43,60.9,61.59,57.93,63.5,73.95,62.48,C,9,Yes,Yes,Master's,Low,7,6.4,Average
S1689,Sara,Smith,student689@university.com,Male,22,Business,100.0,95.49,95.82,93.79,90.32,99.53,92.36,94.58,A,20,No,Yes,PhD,Low,5,8.4,Excellent
S1690,Sara,Jones,student690@university.com,Female,24,CS,75.04,74.91,77.75,79.24,80.64,89.61,79.85,79.3,B,21,Yes,Yes,High School,Medium,8,8.1,Good
S1691,Emma,Smith,student691@university.com,Female,21,Engineering,87.17,44.84,65.08,68.35,77.98,72.46,76.01,65.74,C,21,No,Yes,,High,2,8.8,Average
S1692,Ahmed,Jones,student692@university.com,Male,20,Engineering,79.3,78.7,74.88,72.29,83.28,73.4,81.98,77.37,B,16,Yes,No,PhD,Low,6,7.1,Good
S1693,Maria,Davis,student693@university.com,Female,24,Business,92.81,92.52,94.61,94.61,96.68,94.59,93.53,94.18,A,25,Yes,No,Bachelor's,High,5,5.3,Excellent
S1694,Sara,Davis,student694@university.com,Female,23,Business,91.6,92.2,89.83,91.51,80.98,96.66,93.82,91.15,A,21,No,Yes,High School,Medium,10,4.1,Excellent
S1695,Maria,Brown,student695@university.com,Female,23,CS,70.33,76.01,68.4,68.93,58.17,55.9,58.43,65.73,C,10,Yes,Yes,PhD,High,2,5.1,Average
S1696,Omar,Brown,student696@university.com,Female,24,Mathematics,76.56,21.73,60.89,83.06,73.11,91.01,88.12,66.06,C,15,No,Yes,Master's,High,7,7.4,Average
S1697,Sara,Jones,student697@university.com,Female,19,Business,75.58,62.29,69.41,71.11,69.96,82.81,78.04,71.36,C,16,No,Yes,High School,High,4,8.6,Average
S1698,Sara,Williams,student698@university.com,Male,22,Business,99.51,92.53,94.9,94.64,80.5,94.36,85.08,90.93,A,27,Yes,Yes,High School,High,6,5.6,Excellent
S1699,John,Smith,student699@university.com,Male,20,Mathematics,99.85,98.73,86.87,75.4,75.23,68.48,82.02,83.55,A,21,No,Yes,Bachelor's,High,5,8.4,Excellent
S1700,Sara,Smith,student700@university.com,Male,21,Business,91.97,71.41,66.55,76.29,68.96,75.97,72.91,71.44,C,15,Yes,Yes,High School,Medium,4,6.0,Average
S1701,Liam,Brown,student701@university.com,Female,18,Engineering,88.96,90.62,90.59,90.1,83.65,94.16,95.0,91.07,A,27,No,Yes,High School,Low,2,5.5,Excellent
S1702,Ali,Jones,student702@university.com,Female,21,Business,82.8,72.9,78.74,77.1,81.18,78.02,80.23,77.8,B,18,No,Yes,,High,7,6.5,Good
S1703,Liam,Smith,student703@university.com,Female,21,Engineering,93.78,78.1,93.48,82.85,93.08,100.0,87.45,88.22,A,25,No,Yes,Bachelor's,Medium,5,6.2,Excellent
S1704,Ahmed,Smith,student704@university.com,Male,20,CS,100.0,93.47,91.62,81.86,85.57,93.34,95.52,90.87,A,24,Yes,Yes,High School,Medium,3,8.6,Excellent
S1705,Ahmed,Williams,student705@university.com,Female,22,CS,66.5,25.93,37.38,49.02,53.21,41.08,35.93,38.5,F,6,Yes,Yes,High School,Low,6,6.3,Poor
S1706,Maria,Johnson,student706@university.com,Female,20,Engineering,66.26,66.62,73.35,82.29,83.98,89.09,79.6,77.23,B,22,Yes,Yes,,Medium,8,5.4,Good
S1707,Liam,Brown,student707@university.com,Female,18,Engineering,82.69,52.32,64.37,68.51,49.04,73.52,62.94,61.68,C,11,Yes,No,,Low,10,8.2,Average
S1708,Liam,Brown,student708@university.com,Male,24,Mathematics,82.86,70.66,78.83,88.55,87.31,87.29,75.43,79.67,B,18,No,Yes,Master's,High,10,9.0,Good
S1709,Liam,Johnson,student709@university.com,Male,20,Engineering,66.52,56.37,55.52,78.54,61.15,43.37,67.71,60.93,C,9,Yes,Yes,Bachelor's,Medium,2,7.2,Average
S1710,Omar,Smith,student710@university.com,Female,19,Engineering,69.59,59.05,59.9,71.46,68.96,67.26,62.29,63.58,C,10,Yes,Yes,,Medium,10,5.3,Average
S1711,Sara,Williams,student711@university.com,Female,21,Business,80.2,73.19,80.44,83.47,80.76,91.24,87.53,81.97,B,21,No,Yes,High School,Medium,4,5.2,Good
S1712,Ali,Williams,student712@university.com,Female,22,Mathematics,66.28,72.29,71.02,84.18,74.9,75.86,81.68,76.25,B,10,Yes,Yes,,High,3,4.3,Good
S1713,Maria,Brown,student713@university.com,Male,23,Engineering,87.74,76.94,73.93,80.49,75.78,72.52,75.09,75.79,B,20,Yes,Yes,PhD,Low,7,4.4,Good
S1714,Liam,Williams,student714@university.com,Male,18,Engineering,75.18,77.9,74.54,86.94,80.38,77.52,78.32,78.71,B,17,No,Yes,Master's,Low,10,8.6,Good
S1715,Liam,Davis,student715@university.com,Male,23,Engineering,52.68,51.12,44.06,51.85,54.02,36.97,58.46,49.81,D,9,Yes,Yes,Master's,Medium,8,4.5,Poor
S1716,John,Johnson,student716@university.com,Female,21,Business,82.89,61.83,64.98,70.66,71.8,63.45,66.75,66.08,C,9,Yes,Yes,Bachelor's,Medium,8,6.4,Average
S1717,Maria,Smith,student717@university.com,Male,20,Business,50.0,26.79,37.48,66.43,35.3,41.59,56.56,43.69,F,1,Yes,Yes,Master's,High,4,7.5,Poor
S1718,Liam,Davis,student718@university.com,Female,23,Business,87.28,91.27,91.74,83.03,88.56,96.23,90.65,90.25,A,29,Yes,Yes,Bachelor's,High,10,8.3,Excellent
S1719,Maria,Johnson,student719@university.com,Female,19,CS,67.84,62.83,61.68,76.45,57.92,57.96,67.15,64.47,C,5,Yes,Yes,PhD,Low,2,4.9,Average
S1720,Sara,Jones,student720@university.com,Male,20,Business,50.0,54.7,38.52,38.78,21.6,53.28,39.96,41.87,F,0,No,Yes,High School,Medium,6,6.2,Poor
S1721,John,Brown,student721@university.com,Female,21,Engineering,94.7,98.7,89.3,85.55,90.29,99.56,94.11,92.7,A,19,Yes,Yes,PhD,Medium,3,5.3,Excellent
S1722,Maria,Williams,student722@university.com,Male,23,Business,99.81,85.95,88.91,92.94,86.06,96.02,95.41,90.65,A,21,Yes,Yes,Bachelor's,Medium,8,5.3,Excellent
S1723,Ali,Jones,student723@university.com,Female,24,Business,55.61,79.57,66.74,71.14,59.99,73.72,83.92,73.43,C,9,Yes,Yes,Bachelor's,Medium,3,5.5,Average
S1724,Ali,Williams,student724@university.com,Female,18,Mathematics,70.65,63.73,75.39,81.16,80.19,81.77,76.07,75.18,B,19,Yes,Yes,Bachelor's,High,2,6.9,Good
S1725,Ahmed,Davis,student725@university.com,Male,23,Engineering,77.61,31.28,50.3,60.27,63.52,52.45,68.66,53.2,D,6,Yes,Yes,High School,High,9,4.1,Average
S1726,John,Smith,student726@university.com,Female,24,Business,94.79,86.2,85.21,90.03,91.91,88.44,90.01,88.08,A,21,Yes,Yes,Bachelor's,Low,9,6.0,Excellent
S1727,John,Smith,student727@university.com,Female,24,CS,91.92,97.95,71.11,58.17,54.64,57.17,79.39,73.15,B,6,Yes,Yes,PhD,Medium,9,4.9,Good
S1728,Ahmed,Smith,student728@university.com,Female,23,Mathematics,96.69,95.53,93.77,93.0,91.29,93.28,88.25,92.61,A,23,Yes,Yes,High School,High,3,8.8,Excellent
S1729,Maria,Williams,student729@university.com,Female,22,Business,99.17,99.08,88.93,85.65,97.68,94.44,93.5,92.81,A,23,No,Yes,PhD,Medium,2,6.9,Excellent
S1730,John,Jones,student730@university.com,Female,23,Mathematics,93.93,94.32,92.11,78.46,86.4,90.38,85.73,88.48,A,26,Yes,No,High School,Low,4,8.3,Excellent
S1731,Ali,Smith,student731@university.com,Female,21,Mathematics,79.36,67.62,64.45,66.93,54.67,67.95,65.99,65.14,C,13,Yes,Yes,Bachelor's,Medium,2,5.0,Average
S1732,Ali,Jones,student732@university.com,Female,24,CS,72.68,62.24,59.12,57.82,54.78,60.6,62.48,59.94,C,12,Yes,Yes,High School,High,8,8.1,Average
S1733,Liam,Williams,student733@university.com,Female,18,CS,72.71,77.69,75.67,80.1,78.86,78.9,74.45,77.14,B,15,No,Yes,,High,10,6.1,Good
S1734,Sara,Davis,student734@university.com,Male,21,CS,77.44,80.84,77.01,75.78,76.57,84.8,83.12,79.55,B,21,Yes,Yes,PhD,Low,1,4.9,Good
S1735,John,Jones,student735@university.com,Male,19,Engineering,50.0,51.27,40.16,33.7,31.76,51.91,43.53,42.42,D,0,No,Yes,,Low,2,7.8,Poor
S1736,Maria,Davis,student736@university.com,Female,20,Mathematics,82.97,76.5,77.52,73.02,75.52,82.19,88.77,79.16,B,22,Yes,Yes,,Medium,6,7.8,Good
S1737,Ahmed,Williams,student737@university.com,Female,23,Business,80.48,73.43,60.15,76.47,62.28,49.29,68.69,66.09,C,9,Yes,Yes,Bachelor's,Medium,9,9.0,Average
S1738,Ahmed,Williams,student738@university.com,Male,22,CS,67.55,88.47,76.44,85.16,81.41,88.52,82.0,82.97,B,16,Yes,Yes,Bachelor's,High,10,7.9,Good
S1739,Maria,Brown,student739@university.com,Female,18,CS,96.77,85.18,79.51,75.15,76.66,75.73,90.7,81.57,B,14,Yes,Yes,,High,5,4.7,Good
S1740,Omar,Williams,student740@university.com,Male,22,Mathematics,87.32,78.88,81.38,75.92,81.69,85.06,84.87,81.16,B,29,No,Yes,High School,High,5,5.6,Good
S1741,Emma,Williams,student741@university.com,Male,22,Mathematics,77.99,71.83,72.72,69.74,75.64,72.59,71.05,72.04,B,14,No,Yes,Bachelor's,Low,3,6.3,Good
S1742,Sara,Johnson,student742@university.com,Male,22,Mathematics,62.34,54.36,59.94,69.15,55.95,63.56,72.15,62.61,C,8,Yes,Yes,PhD,Low,8,4.6,Average
S1743,Ahmed,Smith,student743@university.com,Female,23,Business,99.45,80.19,79.8,68.35,63.69,84.08,82.95,77.61,B,18,Yes,Yes,,Low,6,7.9,Good
S1744,John,Brown,student744@university.com,Female,18,Engineering,97.07,94.1,93.55,91.02,91.49,100.0,81.38,91.29,A,30,Yes,Yes,PhD,Medium,10,6.6,Excellent
S1745,Sara,Brown,student745@university.com,Female,18,Engineering,50.0,42.82,40.21,61.51,33.71,39.68,45.34,44.25,D,1,Yes,Yes,PhD,Low,2,8.7,Poor
S1746,John,Brown,student746@university.com,Male,24,CS,93.75,22.69,65.26,84.93,83.23,83.94,84.94,67.3,C,22,No,Yes,PhD,Medium,5,6.9,Average
S1747,Omar,Johnson,student747@university.com,Male,22,Engineering,91.84,78.05,77.61,80.35,76.41,86.11,77.47,78.81,B,13,Yes,Yes,,Medium,4,6.6,Good
S1748,Ali,Davis,student748@university.com,Male,24,Business,50.0,29.01,38.53,51.87,39.11,35.46,53.9,41.45,F,4,No,Yes,Master's,Medium,10,4.4,Poor
S1749,Sara,Williams,student749@university.com,Female,24,Engineering,60.51,73.19,65.12,77.31,72.58,62.74,74.85,71.02,C,6,No,Yes,Bachelor's,Low,9,4.7,Average
S1750,Liam,Smith,student750@university.com,Male,20,Business,98.48,78.25,91.25,100.0,85.68,94.37,87.45,88.96,A,23,No,Yes,PhD,High,4,8.2,Excellent
S1751,Ahmed,Jones,student751@university.com,Male,23,CS,87.72,32.05,34.5,49.42,25.66,31.63,23.93,32.96,F,5,Yes,Yes,,Low,8,9.0,Poor
S1752,Sara,Davis,student752@university.com,Female,23,Mathematics,97.59,35.17,53.41,53.15,59.98,60.65,80.94,56.61,D,6,Yes,No,Master's,Low,1,6.1,Average
S1753,Sara,Williams,student753@university.com,Male,21,Business,83.79,81.34,76.94,84.5,74.42,73.03,79.93,78.91,B,16,No,Yes,,Low,5,8.1,Good
S1754,Sara,Johnson,student754@university.com,Male,24,Mathematics,60.06,80.06,82.49,88.25,84.24,95.55,93.93,86.64,B,27,No,Yes,Bachelor's,Medium,9,7.1,Good
S1755,Emma,Williams,student755@university.com,Female,23,CS,88.71,47.84,53.27,60.38,57.94,59.91,60.48,55.82,D,6,No,Yes,,High,3,8.8,Average
S1756,Sara,Williams,student756@university.com,Female,22,Business,60.06,81.53,66.14,68.5,60.74,68.81,85.24,73.12,C,5,Yes,No,High School,Low,6,5.2,Average
S1757,John,Johnson,student757@university.com,Male,19,Business,86.06,73.47,74.69,80.19,67.65,82.13,90.16,78.4,B,16,Yes,Yes,High School,Low,10,6.7,Good
S1758,Ali,Brown,student758@university.com,Female,22,Engineering,98.26,83.8,62.82,53.99,31.74,58.46,64.33,62.45,C,4,No,Yes,PhD,Medium,6,6.0,Average
S1759,Omar,Brown,student759@university.com,Male,18,Business,74.09,70.25,57.85,73.76,53.55,60.79,54.42,61.89,C,12,Yes,Yes,,Low,6,6.7,Average
S1760,Maria,Smith,student760@university.com,Female,23,CS,70.52,71.8,84.86,89.72,83.26,90.51,94.76,85.36,B,24,Yes,Yes,,Low,4,5.3,Good
S1761,Sara,Smith,student761@university.com,Male,23,Mathematics,86.26,68.24,73.87,81.12,77.73,77.63,78.87,75.59,B,14,Yes,Yes,PhD,Medium,7,6.5,Good
S1762,Ahmed,Brown,student762@university.com,Female,21,Business,100.0,82.62,87.43,100.0,86.83,94.52,97.05,90.93,A,21,No,No,PhD,Low,3,7.1,Excellent
S1763,Sara,Davis,student763@university.com,Male,24,CS,69.59,65.6,51.84,59.34,55.69,59.24,55.99,57.67,D,4,Yes,Yes,Master's,High,6,4.4,Average
S1764,Ahmed,Jones,student764@university.com,Female,19,CS,96.44,94.73,84.47,92.28,92.11,92.67,90.16,90.42,B,21,Yes,Yes,,Medium,10,7.7,Good
S1765,John,Williams,student765@university.com,Female,23,Business,80.19,75.85,74.63,74.84,72.66,69.34,88.04,76.86,B,22,No,Yes,Bachelor's,High,5,7.5,Good
S1766,Ahmed,Jones,student766@university.com,Female,21,Engineering,69.68,70.55,66.46,54.71,51.29,85.48,79.01,68.41,C,11,No,Yes,Bachelor's,Low,3,8.4,Average
S1767,Liam,Williams,student767@university.com,Female,21,Business,55.25,33.69,31.72,49.32,32.83,19.68,31.78,33.67,F,1,Yes,Yes,Bachelor's,Medium,2,6.1,Poor
S1768,Maria,Brown,student768@university.com,Female,19,Business,84.93,77.6,80.6,73.55,73.31,87.12,81.48,79.04,B,21,No,Yes,PhD,Medium,1,4.3,Good
S1769,Ali,Smith,student769@university.com,Female,22,Engineering,76.01,44.08,55.03,76.57,56.32,61.56,54.59,56.76,C,13,No,No,PhD,Low,8,6.3,Average
S1770,Ahmed,Davis,student770@university.com,Female,22,CS,99.49,96.5,92.39,96.8,81.03,100.0,82.81,91.58,A,23,Yes,Yes,PhD,High,1,4.7,Excellent
S1771,Ahmed,Smith,student771@university.com,Male,22,Business,60.02,67.62,51.48,54.34,69.37,53.28,59.65,58.74,D,2,No,Yes,Bachelor's,Low,5,7.2,Average
S1772,Ali,Jones,student772@university.com,Male,20,Engineering,96.16,90.47,92.01,100.0,100.0,95.49,97.58,95.16,A,26,No,Yes,Master's,Medium,5,4.2,Excellent
S1773,Maria,Smith,student773@university.com,Female,24,Mathematics,84.59,75.95,77.76,81.17,81.22,78.53,79.54,78.69,B,21,Yes,Yes,High School,Medium,1,5.9,Good
S1774,Sara,Brown,student774@university.com,Female,24,Mathematics,70.24,53.47,60.25,64.59,75.3,74.31,75.79,65.56,C,11,Yes,Yes,,Medium,9,4.4,Average
S1775,Ahmed,Davis,student775@university.com,Male,22,Engineering,93.62,95.01,86.88,99.8,80.24,88.42,98.55,92.27,A,22,Yes,Yes,High School,Low,5,4.0,Excellent
S1776,Ali,Jones,student776@university.com,Male,19,CS,94.71,83.73,88.41,89.22,82.99,100.0,91.89,88.91,A,26,No,Yes,,Low,9,8.8,Excellent
S1777,Liam,Davis,student777@university.com,Female,20,Engineering,77.69,69.7,62.09,72.57,68.59,59.95,62.62,65.73,C,7,Yes,Yes,PhD,Low,6,9.0,Average
S1778,Liam,Williams,student778@university.com,Male,24,CS,67.66,61.96,63.97,68.19,66.28,50.78,70.72,64.46,C,12,No,Yes,Bachelor's,High,7,6.8,Average
S1779,John,Smith,student779@university.com,Male,22,Mathematics,72.91,68.22,69.51,77.86,70.83,75.77,76.55,72.67,C,10,Yes,Yes,High School,High,7,5.2,Average
S1780,Ali,Davis,student780@university.com,Female,20,Business,61.46,68.98,66.85,70.86,57.53,68.24,64.72,66.66,C,15,Yes,Yes,PhD,High,2,8.6,Average
S1781,John,Johnson,student781@university.com,Female,19,Engineering,92.96,78.33,80.74,92.29,68.25,78.66,80.2,80.43,B,19,No,Yes,,Medium,5,8.6,Good
S1782,Liam,Smith,student782@university.com,Female,22,Mathematics,81.28,79.86,76.18,73.24,71.06,83.94,71.82,75.87,B,20,No,Yes,High School,High,2,8.3,Good
S1783,Maria,Williams,student783@university.com,Male,18,Business,69.0,72.11,69.25,89.63,85.34,72.57,74.41,75.85,C,14,Yes,Yes,High School,Medium,4,6.7,Average
S1784,Sara,Davis,student784@university.com,Female,23,Mathematics,92.22,93.83,91.41,89.93,92.3,87.39,95.99,92.28,A,25,No,No,High School,High,3,4.4,Excellent
S1785,Ali,Jones,student785@university.com,Female,19,Engineering,67.6,39.07,40.53,32.28,28.47,49.68,48.99,40.4,D,5,Yes,Yes,High School,High,6,4.4,Poor
S1786,Omar,Williams,student786@university.com,Male,21,Engineering,89.81,78.86,84.36,69.64,76.38,81.84,91.72,81.47,B,24,No,Yes,High School,Medium,5,8.5,Good
S1787,Liam,Johnson,student787@university.com,Female,21,Business,82.31,81.59,77.57,75.73,78.7,83.42,74.37,78.16,B,17,Yes,Yes,PhD,Low,1,8.4,Good
S1788,Liam,Davis,student788@university.com,Male,19,Engineering,93.26,87.63,81.39,67.52,85.23,76.38,71.77,78.52,B,20,Yes,Yes,,High,2,6.2,Good
S1789,Omar,Brown,student789@university.com,Male,21,Mathematics,96.16,44.58,47.27,53.01,60.6,45.59,43.44,47.99,D,8,No,Yes,,Medium,7,5.6,Poor
S1790,Emma,Smith,student790@university.com,Male,24,Business,85.57,86.1,86.27,88.74,88.46,84.48,92.69,87.93,A,25,Yes,Yes,Master's,Low,9,7.2,Excellent
S1791,Liam,Jones,student791@university.com,Male,19,Business,89.73,83.19,77.12,77.14,88.06,73.24,87.15,81.05,B,11,Yes,Yes,Bachelor's,Low,1,8.0,Good
S1792,Ahmed,Brown,student792@university.com,Male,18,Mathematics,84.11,94.26,82.25,79.62,72.74,73.56,78.68,81.72,B,18,No,Yes,High School,Low,4,7.7,Good
S1793,Maria,Davis,student793@university.com,Male,19,CS,50.0,59.62,55.76,70.07,56.9,49.52,63.81,59.78,C,11,No,Yes,,Medium,3,7.1,Average
S1794,Ali,Davis,student794@university.com,Female,22,Business,92.83,85.1,92.55,92.82,96.57,90.26,97.31,92.23,A,30,Yes,Yes,Bachelor's,High,5,5.2,Excellent
S1795,Omar,Williams,student795@university.com,Female,22,CS,50.0,36.35,37.03,36.6,46.87,35.64,36.59,37.59,F,4,No,Yes,Bachelor's,High,5,5.3,Poor
S1796,Ahmed,Davis,student796@university.com,Female,20,Mathematics,70.72,53.42,39.15,25.66,40.23,46.25,46.93,42.35,F,4,Yes,Yes,PhD,High,10,7.6,Poor
S1797,Omar,Jones,student797@university.com,Male,21,Mathematics,80.43,76.89,79.61,83.55,78.6,79.66,83.1,80.26,B,15,Yes,Yes,High School,Low,10,8.0,Good
S1798,Ali,Brown,student798@university.com,Female,23,Business,53.19,57.78,54.47,75.82,34.23,68.16,65.27,59.84,D,11,No,Yes,Master's,High,2,4.6,Average
S1799,John,Jones,student799@university.com,Male,21,Engineering,63.24,44.76,36.21,50.9,13.48,53.66,37.62,39.88,F,7,Yes,Yes,Bachelor's,Medium,5,4.9,Poor
S1800,Ali,Johnson,student800@university.com,Female,24,Business,62.25,54.99,55.23,70.28,56.92,48.43,74.34,60.75,C,6,Yes,Yes,PhD,High,4,7.4,Average
S1801,Emma,Johnson,student801@university.com,Male,19,Engineering,66.85,45.97,79.97,93.36,89.71,97.74,85.3,79.0,B,24,Yes,Yes,High School,High,1,5.9,Good
S1802,Ali,Smith,student802@university.com,Female,23,CS,83.27,89.39,80.78,79.32,84.51,82.23,77.1,82.06,B,17,Yes,No,,High,1,6.8,Good
S1803,Ali,Smith,student803@university.com,Male,23,Engineering,89.92,66.71,64.78,76.0,62.88,74.5,57.28,66.13,C,7,Yes,Yes,Master's,High,1,7.1,Average
S1804,Emma,Johnson,student804@university.com,Female,21,Business,89.81,79.89,73.15,77.85,82.38,76.41,80.26,77.87,B,9,No,Yes,High School,Medium,8,7.9,Good
S1805,Maria,Davis,student805@university.com,Male,23,Engineering,69.18,78.97,62.99,62.73,43.8,66.26,65.27,65.01,C,13,No,Yes,PhD,High,3,8.0,Average
S1806,Liam,Jones,student806@university.com,Female,23,Mathematics,50.0,47.47,40.46,47.98,44.5,38.96,62.75,47.7,D,5,Yes,Yes,PhD,Low,9,5.4,Poor
S1807,Ali,Johnson,student807@university.com,Male,22,CS,70.72,24.6,32.44,53.13,31.56,22.56,46.57,35.73,F,9,No,Yes,PhD,High,10,6.7,Poor
S1808,Emma,Smith,student808@university.com,Female,18,Mathematics,88.68,37.25,68.74,86.93,92.2,79.73,72.25,69.32,C,18,No,Yes,PhD,Low,2,4.6,Average
S1809,Ahmed,Johnson,student809@university.com,Female,19,Mathematics,100.0,92.82,90.06,89.04,97.78,89.43,83.3,89.82,A,18,No,Yes,PhD,Low,9,8.2,Excellent
S1810,John,Davis,student810@university.com,Female,21,Mathematics,54.39,37.96,43.25,76.18,39.88,28.79,44.43,45.58,D,5,No,Yes,Master's,Low,9,8.2,Poor
S1811,John,Johnson,student811@university.com,Male,22,Mathematics,63.72,67.3,65.43,56.69,73.5,66.96,70.81,66.53,C,15,Yes,Yes,Bachelor's,Medium,4,5.5,Average
S1812,Ali,Jones,student812@university.com,Male,24,Engineering,92.78,88.71,92.28,93.39,85.33,90.02,95.44,91.44,A,22,No,Yes,Bachelor's,Low,4,4.8,Excellent
S1813,Maria,Brown,student813@university.com,Male,24,Mathematics,50.0,33.57,36.04,51.99,33.71,38.82,45.15,39.81,F,0,No,Yes,,Low,4,4.4,Poor
S1814,Maria,Davis,student814@university.com,Male,20,Engineering,60.59,74.49,49.87,37.63,50.57,49.67,52.19,53.47,D,4,No,Yes,Bachelor's,High,1,6.9,Poor
S1815,Ahmed,Smith,student815@university.com,Male,23,Mathematics,87.71,81.89,80.84,76.49,92.71,93.9,80.07,82.74,B,23,No,Yes,PhD,Medium,5,4.5,Good
S1816,Ali,Jones,student816@university.com,Female,23,Business,79.16,77.12,77.9,76.06,83.24,82.47,81.1,79.1,B,11,No,Yes,Bachelor's,Medium,6,7.4,Good
S1817,John,Johnson,student817@university.com,Male,21,Mathematics,77.62,79.42,78.34,85.43,76.65,90.62,75.78,80.17,B,17,No,Yes,Bachelor's,Medium,4,7.4,Good
S1818,Maria,Johnson,student818@university.com,Female,18,Business,94.8,89.59,91.51,95.85,86.13,100.0,100.0,93.79,A,28,Yes,No,PhD,Low,8,7.1,Excellent
S1819,Ali,Brown,student819@university.com,Female,18,Engineering,64.32,71.66,71.02,86.45,84.28,87.18,79.91,78.18,B,15,No,Yes,Master's,Low,3,8.4,Good
S1820,Omar,Smith,student820@university.com,Male,21,CS,59.41,56.99,56.42,57.17,60.98,61.65,58.4,58.02,C,7,No,Yes,PhD,Low,9,5.9,Average
S1821,Maria,Smith,student821@university.com,Female,21,Engineering,97.28,95.61,83.91,88.69,87.43,92.72,93.69,90.16,B,15,No,Yes,Bachelor's,High,7,8.5,Good
S1822,Emma,Williams,student822@university.com,Male,22,CS,79.71,84.13,82.31,88.62,71.7,76.17,77.3,80.94,B,18,No,Yes,Bachelor's,Low,8,4.2,Good
S1823,Omar,Smith,student823@university.com,Male,24,CS,87.49,66.32,63.92,73.29,87.24,76.43,87.46,74.1,C,10,Yes,Yes,,Medium,7,4.6,Average
S1824,Liam,Brown,student824@university.com,Male,21,Mathematics,63.38,36.18,70.13,79.29,75.27,83.47,82.85,69.11,B,22,Yes,Yes,PhD,High,9,6.1,Good
S1825,Maria,Williams,student825@university.com,Female,24,CS,83.43,44.08,48.07,31.24,35.26,69.43,52.24,46.44,D,9,No,Yes,,High,2,7.0,Poor
S1826,John,Williams,student826@university.com,Male,20,Engineering,60.86,94.69,76.78,81.81,77.78,71.57,80.11,81.36,B,15,No,Yes,,Medium,4,4.2,Good
S1827,Sara,Johnson,student827@university.com,Male,24,Mathematics,79.24,80.47,72.64,85.11,72.54,79.29,73.89,76.98,B,12,No,Yes,High School,Low,2,6.8,Good
S1828,Omar,Johnson,student828@university.com,Male,22,CS,81.79,54.8,66.57,76.36,52.68,66.01,60.98,63.12,C,15,No,Yes,,High,8,5.5,Average
S1829,Liam,Smith,student829@university.com,Female,23,Engineering,79.68,83.18,81.7,81.84,76.61,74.85,91.66,82.82,B,20,Yes,Yes,Bachelor's,Medium,2,8.4,Good
S1830,Ahmed,Williams,student830@university.com,Male,23,CS,92.65,95.3,89.12,89.22,95.19,98.82,100.0,94.12,A,21,No,Yes,Bachelor's,Low,8,6.7,Excellent
S1831,Ahmed,Johnson,student831@university.com,Female,24,CS,88.29,74.97,74.04,81.25,78.35,79.64,68.54,75.2,B,25,Yes,Yes,High School,High,6,6.9,Good
S1832,John,Brown,student832@university.com,Female,23,Mathematics,96.69,33.8,78.3,95.05,92.86,96.99,96.66,78.91,B,24,Yes,Yes,High School,High,7,8.7,Good
S1833,Maria,Johnson,student833@university.com,Male,23,Mathematics,97.2,86.02,90.87,90.76,91.57,93.42,93.57,90.75,A,27,No,Yes,PhD,High,6,7.8,Excellent
S1834,Ali,Davis,student834@university.com,Female,19,Engineering,72.15,85.7,75.46,80.47,70.15,79.93,80.26,79.14,B,23,No,No,High School,High,9,6.2,Good
S1835,Maria,Davis,student835@university.com,Female,20,Mathematics,84.23,78.85,77.8,82.29,86.19,78.22,83.44,80.69,B,17,Yes,Yes,Master's,High,4,6.4,Good
S1836,John,Johnson,student836@university.com,Male,22,Mathematics,69.16,32.28,39.06,61.66,36.24,46.99,26.25,39.04,F,8,No,Yes,Bachelor's,Low,1,7.2,Poor
S1837,Ahmed,Williams,student837@university.com,Male,22,Business,90.47,78.58,75.54,78.64,80.4,95.73,69.42,77.89,B,14,Yes,No,Bachelor's,Medium,9,5.0,Good
S1838,Maria,Williams,student838@university.com,Male,23,Business,92.2,77.88,74.0,78.51,75.43,81.94,73.19,76.23,B,10,No,Yes,High School,High,10,4.4,Good
S1839,Ahmed,Jones,student839@university.com,Female,18,Engineering,70.4,66.32,58.32,62.39,50.63,66.62,52.54,59.44,C,4,No,Yes,High School,Medium,8,5.6,Average
S1840,Omar,Davis,student840@university.com,Male,22,Mathematics,94.71,92.31,89.57,87.38,87.75,96.47,88.14,90.01,A,20,No,Yes,Bachelor's,Medium,1,7.9,Excellent
S1841,Liam,Brown,student841@university.com,Female,20,Engineering,52.19,67.05,65.55,79.12,82.34,65.73,71.31,70.73,C,16,No,Yes,High School,Medium,10,5.3,Average
S1842,Ali,Williams,student842@university.com,Female,21,Business,97.38,93.88,90.52,89.58,96.19,93.73,89.71,91.78,A,21,Yes,Yes,PhD,Low,6,4.7,Excellent
S1843,Omar,Smith,student843@university.com,Female,20,Business,50.0,50.22,36.81,34.44,29.5,30.9,52.6,40.97,F,0,No,Yes,High School,Medium,10,5.1,Poor
S1844,Ahmed,Davis,student844@university.com,Female,23,Business,90.7,86.97,85.59,91.84,84.1,89.24,100.0,89.9,A,24,No,Yes,High School,Medium,4,7.4,Excellent
S1845,Ahmed,Brown,student845@university.com,Female,23,Engineering,76.34,75.8,79.37,77.47,81.73,87.69,78.16,79.2,B,23,No,Yes,PhD,Medium,2,7.1,Good
S1846,Sara,Brown,student846@university.com,Male,19,Mathematics,93.23,89.52,95.82,100.0,78.77,95.98,100.0,94.33,A,24,Yes,No,PhD,High,3,7.4,Excellent
S1847,Sara,Williams,student847@university.com,Male,24,CS,69.75,42.96,39.87,39.41,36.88,36.62,38.73,39.57,F,6,No,Yes,PhD,High,9,5.6,Poor
S1848,Omar,Brown,student848@university.com,Female,22,Mathematics,99.47,71.41,69.88,84.85,76.41,77.35,76.38,75.13,C,13,Yes,Yes,Bachelor's,Medium,5,8.5,Average
S1849,Emma,Williams,student849@university.com,Female,24,Engineering,97.08,75.0,76.52,76.9,90.75,65.36,78.92,77.06,B,18,Yes,No,High School,Low,7,6.3,Good
S1850,Omar,Johnson,student850@university.com,Male,24,Business,91.12,93.77,85.39,92.5,86.66,83.79,93.03,89.63,A,22,No,Yes,PhD,High,2,6.6,Excellent
S1851,Sara,Davis,student851@university.com,Male,22,CS,58.23,58.01,63.62,78.96,79.24,66.74,61.28,66.2,C,11,Yes,Yes,PhD,High,8,8.7,Average
S1852,Ahmed,Jones,student852@university.com,Female,22,Engineering,87.07,98.91,93.05,90.76,78.11,98.35,96.93,93.69,A,25,No,Yes,Bachelor's,Medium,3,8.9,Excellent
S1853,John,Johnson,student853@university.com,Female,23,Business,50.0,44.51,36.71,44.27,32.09,50.16,40.97,41.14,F,0,No,Yes,Master's,Medium,1,7.3,Poor
S1854,Omar,Davis,student854@university.com,Male,22,Engineering,76.43,66.76,80.99,95.08,90.44,92.8,89.36,84.06,B,23,No,Yes,High School,Low,8,8.7,Good
S1855,Ahmed,Williams,student855@university.com,Male,18,CS,98.97,79.4,89.38,88.32,88.45,98.05,91.8,88.48,A,29,Yes,Yes,Master's,High,9,6.7,Excellent
S1856,John,Davis,student856@university.com,Female,18,Business,100.0,95.29,93.37,94.35,90.06,90.1,95.7,93.71,A,26,Yes,Yes,Master's,Medium,8,5.5,Excellent
S1857,John,Williams,student857@university.com,Male,21,Mathematics,94.2,89.5,77.05,70.85,71.08,87.13,81.59,79.93,B,17,Yes,Yes,PhD,High,1,5.6,Good
S1858,Sara,Johnson,student858@university.com,Male,22,Engineering,91.11,72.79,72.43,78.72,68.8,75.23,85.83,76.04,B,19,No,Yes,Bachelor's,Medium,7,6.8,Good
S1859,Omar,Smith,student859@university.com,Female,19,CS,89.57,81.39,89.93,90.21,83.88,100.0,89.08,88.5,A,25,No,Yes,High School,Medium,7,7.0,Excellent
S1860,Maria,Smith,student860@university.com,Female,21,Mathematics,69.69,56.88,53.22,76.87,54.12,53.81,47.78,56.56,D,7,Yes,Yes,High School,Low,4,6.2,Average
S1861,Ali,Davis,student861@university.com,Female,23,CS,89.64,69.43,76.42,87.14,82.0,81.83,88.19,80.08,B,14,Yes,Yes,High School,High,8,8.4,Good
S1862,Sara,Smith,student862@university.com,Male,22,Engineering,89.26,71.76,74.89,84.91,80.38,83.02,74.92,77.14,B,14,No,Yes,Master's,High,5,6.1,Good
S1863,Sara,Williams,student863@university.com,Female,18,CS,91.96,77.39,77.86,88.68,74.03,72.56,73.68,77.64,B,19,Yes,Yes,,Medium,4,5.4,Good
S1864,Maria,Brown,student864@university.com,Male,19,Business,79.88,77.23,70.96,76.95,80.91,76.91,81.83,76.88,B,14,No,Yes,Bachelor's,Low,5,4.0,Good
S1865,Ali,Williams,student865@university.com,Female,21,CS,79.35,74.18,66.74,77.75,77.71,83.41,57.87,70.87,C,16,No,Yes,,Low,2,8.9,Average
S1866,Ahmed,Brown,student866@university.com,Female,19,Engineering,96.97,97.53,88.49,86.6,90.81,100.0,85.44,90.79,A,22,Yes,Yes,Master's,Low,4,8.1,Excellent
S1867,Emma,Johnson,student867@university.com,Male,22,Business,100.0,87.48,92.12,87.98,86.34,100.0,96.22,91.6,A,26,No,Yes,PhD,High,10,7.1,Excellent
S1868,Omar,Jones,student868@university.com,Male,20,CS,63.45,23.94,39.27,48.95,50.73,31.47,54.65,41.1,F,10,No,Yes,,Medium,8,8.2,Poor
S1869,Emma,Brown,student869@university.com,Female,19,CS,50.0,35.82,33.75,34.02,36.38,54.36,26.72,35.12,F,5,Yes,Yes,,Medium,7,8.1,Poor
S1870,Ahmed,Smith,student870@university.com,Female,19,Business,99.31,75.34,79.64,80.05,83.67,78.68,68.76,76.97,B,14,Yes,Yes,Bachelor's,Low,8,8.7,Good
S1871,Liam,Williams,student871@university.com,Male,23,Mathematics,92.59,71.65,71.72,86.62,75.69,81.62,82.9,77.56,B,16,Yes,Yes,Master's,Low,7,5.9,Good
S1872,Sara,Johnson,student872@university.com,Female,18,Mathematics,71.42,74.16,58.31,47.91,66.08,58.28,75.98,64.23,C,7,No,Yes,Bachelor's,Low,7,6.8,Average
S1873,Ali,Smith,student873@university.com,Male,22,Business,84.97,81.98,82.37,85.36,81.85,75.82,77.1,80.98,B,17,No,No,PhD,High,7,4.5,Good
S1874,Sara,Johnson,student874@university.com,Male,19,CS,91.29,93.75,88.44,81.93,91.67,93.55,87.81,89.23,A,24,Yes,Yes,High School,Medium,2,8.8,Excellent
S1875,John,Jones,student875@university.com,Female,22,Mathematics,93.92,71.99,84.92,88.49,85.62,97.66,87.97,84.82,B,29,No,Yes,Master's,Low,3,8.9,Good
S1876,Sara,Williams,student876@university.com,Male,18,Business,68.04,69.95,65.55,72.22,56.0,69.34,63.13,66.37,C,11,Yes,Yes,PhD,Low,1,7.9,Average
S1877,Sara,Davis,student877@university.com,Male,23,Engineering,80.32,57.22,60.38,76.94,58.72,69.95,76.64,66.28,C,4,No,Yes,PhD,Medium,2,6.3,Average
S1878,Ahmed,Williams,student878@university.com,Male,22,CS,99.97,92.22,89.32,96.25,94.46,89.43,88.71,91.34,A,22,No,Yes,,High,10,6.5,Excellent
S1879,Ahmed,Jones,student879@university.com,Female,24,Engineering,77.59,72.15,83.02,99.88,89.76,91.37,87.61,85.8,B,21,No,No,Bachelor's,High,6,6.2,Good
S1880,Ahmed,Williams,student880@university.com,Male,18,CS,100.0,88.76,89.34,93.67,96.5,98.34,88.43,91.31,A,24,No,Yes,,High,2,5.5,Excellent
S1881,Emma,Davis,student881@university.com,Female,18,Mathematics,86.37,52.11,54.21,63.62,71.51,66.32,65.1,60.32,D,4,No,Yes,,Medium,1,6.6,Average
S1882,John,Brown,student882@university.com,Female,21,Engineering,96.22,83.57,88.05,83.92,91.86,95.83,99.71,90.03,A,23,Yes,Yes,High School,High,8,4.3,Excellent
S1883,Liam,Johnson,student883@university.com,Female,23,Engineering,96.05,90.01,88.82,92.59,81.64,100.0,94.6,91.18,A,26,Yes,Yes,Bachelor's,Low,9,9.0,Excellent
S1884,Liam,Davis,student884@university.com,Male,23,Business,61.9,67.68,62.9,63.88,54.95,69.8,68.09,64.94,C,15,No,Yes,High School,High,7,6.1,Average
S1885,Ahmed,Smith,student885@university.com,Male,24,Mathematics,99.05,91.47,92.25,95.65,96.96,95.11,93.58,93.63,A,22,Yes,Yes,PhD,Medium,3,8.6,Excellent
S1886,Ali,Jones,student886@university.com,Female,22,Mathematics,57.02,62.43,62.49,66.0,52.35,83.54,53.74,62.35,C,15,Yes,Yes,High School,High,1,7.6,Average
S1887,Emma,Brown,student887@university.com,Female,20,CS,100.0,93.57,91.82,86.87,93.04,100.0,91.85,92.37,A,19,No,Yes,PhD,Medium,4,5.4,Excellent
S1888,Maria,Smith,student888@university.com,Male,24,Business,97.22,93.47,92.68,97.83,94.46,93.98,90.55,93.49,A,27,No,Yes,,Medium,10,5.1,Excellent
S1889,Ali,Smith,student889@university.com,Female,21,Business,93.07,93.01,93.36,97.2,84.91,93.86,87.3,91.86,A,28,No,Yes,High School,High,3,9.0,Excellent
S1890,Omar,Jones,student890@university.com,Female,23,CS,63.62,62.86,63.27,85.85,61.55,65.48,65.85,67.14,C,9,Yes,Yes,Bachelor's,Low,3,7.9,Average
S1891,Omar,Brown,student891@university.com,Male,18,Engineering,55.89,51.28,42.5,46.14,32.07,30.75,40.5,42.18,D,8,Yes,Yes,High School,Medium,2,5.2,Poor
S1892,Ali,Smith,student892@university.com,Female,23,CS,63.2,51.28,50.2,62.44,61.15,50.33,58.33,54.99,D,6,Yes,Yes,PhD,High,10,4.3,Average
S1893,Ahmed,Smith,student893@university.com,Male,24,CS,96.47,79.15,73.2,79.04,74.67,84.57,90.34,79.98,B,10,No,Yes,Master's,Medium,3,7.5,Good
S1894,Maria,Brown,student894@university.com,Male,20,CS,71.51,66.62,60.29,63.58,61.24,61.81,65.94,63.43,C,7,No,Yes,Bachelor's,High,5,5.5,Average
S1895,Maria,Williams,student895@university.com,Female,19,Business,92.53,85.52,85.69,89.76,91.17,97.99,96.27,90.16,A,25,No,Yes,PhD,Low,4,5.1,Excellent
S1896,Emma,Smith,student896@university.com,Male,19,CS,76.95,83.78,77.52,86.99,77.65,80.67,81.15,81.25,B,17,No,Yes,Master's,Medium,1,7.7,Good
S1897,Maria,Johnson,student897@university.com,Male,23,CS,63.44,47.45,34.99,51.42,37.3,42.18,36.75,41.25,F,4,No,Yes,Bachelor's,Low,1,7.4,Poor
S1898,Omar,Brown,student898@university.com,Male,23,CS,93.02,88.62,88.68,90.19,89.69,92.76,95.29,90.73,A,29,Yes,Yes,Master's,Low,1,6.4,Excellent
S1899,John,Smith,student899@university.com,Female,21,Mathematics,100.0,97.33,89.03,87.54,90.35,91.75,90.37,91.14,A,24,Yes,Yes,,Low,10,8.7,Excellent
S1900,Ahmed,Jones,student900@university.com,Female,23,Engineering,90.57,91.8,87.42,94.71,85.0,90.72,85.97,89.19,A,16,Yes,Yes,,Low,9,7.4,Excellent
S1901,Maria,Davis,student901@university.com,Female,20,Engineering,92.71,92.72,90.86,100.0,90.74,87.92,88.79,91.88,A,21,No,Yes,High School,Low,9,8.5,Excellent
S1902,Emma,Johnson,student902@university.com,Male,23,Engineering,100.0,94.3,94.83,96.05,84.22,98.63,99.63,95.19,A,30,No,Yes,High School,High,9,5.0,Excellent
S1903,Omar,Davis,student903@university.com,Male,22,Engineering,80.93,72.59,79.83,96.95,75.87,78.45,81.96,80.84,B,19,Yes,Yes,High School,Low,10,5.5,Good
S1904,John,Davis,student904@university.com,Female,24,Business,88.33,70.08,80.22,78.57,85.71,81.66,80.85,78.76,B,22,Yes,Yes,High School,High,4,4.5,Good
S1905,Sara,Smith,student905@university.com,Female,20,Business,50.0,23.45,34.83,50.85,37.32,41.67,55.6,40.04,F,1,No,Yes,Master's,Low,4,5.5,Poor
S1906,Sara,Johnson,student906@university.com,Male,21,CS,65.14,46.52,47.38,60.61,70.64,64.04,54.28,54.56,D,4,Yes,Yes,Bachelor's,Low,10,8.9,Poor
S1907,John,Johnson,student907@university.com,Female,22,Business,85.6,71.25,74.1,82.33,70.96,88.68,79.57,77.0,B,16,No,Yes,Bachelor's,Medium,7,8.8,Good
S1908,Omar,Williams,student908@university.com,Female,22,Engineering,88.8,82.64,78.35,84.7,80.01,85.39,78.73,81.11,B,16,Yes,Yes,High School,High,3,7.8,Good
S1909,Emma,Davis,student909@university.com,Female,24,Mathematics,94.17,78.01,76.33,78.35,75.26,77.87,82.81,78.31,B,22,Yes,Yes,,Low,10,6.6,Good
S1910,John,Johnson,student910@university.com,Female,19,CS,85.99,70.46,77.15,87.74,76.09,85.6,74.56,77.62,B,19,Yes,Yes,PhD,Low,3,7.9,Good
S1911,Ahmed,Williams,student911@university.com,Female,20,CS,83.67,69.09,79.31,83.65,86.08,80.95,88.16,80.53,B,21,Yes,Yes,High School,Low,4,6.8,Good
S1912,Ahmed,Brown,student912@university.com,Male,24,Engineering,81.63,26.38,51.37,84.35,71.96,62.72,49.22,54.08,D,4,No,Yes,High School,High,6,4.0,Average
S1913,Sara,Williams,student913@university.com,Female,22,Engineering,91.83,80.67,80.25,82.47,72.35,88.73,84.83,81.64,B,18,No,Yes,,High,1,6.5,Good
S1914,Maria,Jones,student914@university.com,Female,21,Engineering,99.7,69.51,78.77,85.87,76.38,73.66,88.11,79.1,B,17,No,Yes,PhD,High,3,7.0,Good
S1915,Emma,Smith,student915@university.com,Male,24,Business,79.54,90.95,81.19,80.55,75.72,78.22,89.82,83.93,B,20,Yes,Yes,Master's,Medium,5,5.3,Good
S1916,Sara,Brown,student916@university.com,Male,19,CS,92.93,74.65,80.07,77.24,84.18,79.72,77.57,78.44,B,24,No,Yes,Master's,Medium,4,5.0,Good
S1917,Maria,Brown,student917@university.com,Male,22,Engineering,50.0,46.45,39.69,38.45,34.89,40.8,48.21,42.19,F,7,Yes,Yes,PhD,Low,8,5.4,Poor
S1918,Maria,Jones,student918@university.com,Male,24,Mathematics,88.89,62.68,56.81,51.27,52.57,60.97,64.42,58.67,C,10,No,Yes,PhD,High,9,7.1,Average
S1919,Liam,Williams,student919@university.com,Female,20,CS,54.18,25.11,73.73,93.1,88.24,96.62,94.9,74.89,B,24,Yes,Yes,Master's,High,8,4.7,Good
S1920,Ahmed,Smith,student920@university.com,Female,19,CS,50.0,56.39,43.34,54.08,32.93,62.1,48.27,49.38,D,9,No,Yes,High School,Medium,9,7.6,Poor
S1921,Omar,Williams,student921@university.com,Female,20,Business,53.91,33.67,66.21,79.8,74.98,80.97,84.29,67.71,C,20,No,Yes,High School,Low,8,6.1,Average
S1922,Ali,Johnson,student922@university.com,Female,20,CS,60.17,41.02,40.75,59.98,36.87,50.31,42.12,44.53,D,4,Yes,Yes,,High,10,5.8,Poor
S1923,Omar,Williams,student923@university.com,Male,20,Engineering,91.21,61.55,60.28,61.98,70.76,59.14,59.08,61.48,C,13,No,Yes,PhD,High,1,8.0,Average
S1924,Ali,Brown,student924@university.com,Male,24,Engineering,77.23,75.18,68.68,76.61,67.13,76.3,61.17,70.27,C,13,Yes,Yes,High School,Low,7,6.5,Average
S1925,John,Smith,student925@university.com,Female,19,Mathematics,100.0,90.3,88.19,83.87,90.41,92.93,99.51,90.92,A,27,Yes,Yes,High School,Medium,9,5.9,Excellent
S1926,Ahmed,Williams,student926@university.com,Female,24,CS,100.0,76.04,75.41,91.91,68.68,73.58,79.5,77.97,B,17,Yes,Yes,,Medium,1,8.4,Good
S1927,Maria,Smith,student927@university.com,Female,24,CS,80.6,76.9,73.21,71.35,83.68,87.72,84.73,78.47,B,15,No,Yes,PhD,High,10,5.8,Good
S1928,Emma,Smith,student928@university.com,Female,24,Business,65.11,51.66,52.16,65.67,51.36,55.58,61.61,56.24,D,7,No,Yes,,Low,1,8.3,Average
S1929,Ali,Johnson,student929@university.com,Male,22,Engineering,85.74,80.8,74.88,80.47,76.27,83.1,74.05,77.7,B,18,No,Yes,,Low,10,6.5,Good
S1930,Omar,Johnson,student930@university.com,Female,23,Mathematics,99.63,82.48,94.41,96.98,85.59,95.45,97.82,92.31,A,25,No,Yes,Master's,Low,2,5.0,Excellent
S1931,Maria,Brown,student931@university.com,Male,18,Engineering,50.0,59.1,61.5,72.58,65.4,60.05,58.64,62.36,C,10,No,Yes,,High,5,7.1,Average
S1932,Ali,Jones,student932@university.com,Male,22,CS,68.66,39.17,36.96,56.36,43.59,53.34,38.03,42.83,F,3,Yes,Yes,PhD,Medium,8,5.4,Poor
S1933,Ali,Smith,student933@university.com,Male,19,CS,88.08,82.67,75.73,71.25,79.41,70.09,78.4,76.78,B,15,No,Yes,High School,Medium,8,4.7,Good
S1934,Liam,Jones,student934@university.com,Male,18,Mathematics,100.0,84.75,93.8,96.23,89.48,92.55,92.21,91.48,A,28,No,Yes,High School,Medium,10,4.4,Excellent
S1935,Ali,Brown,student935@university.com,Female,18,CS,56.75,52.89,63.7,82.61,79.0,67.62,75.93,68.74,C,10,No,Yes,Master's,Medium,4,5.2,Average
S1936,Emma,Smith,student936@university.com,Female,18,Mathematics,97.07,84.21,85.95,82.1,89.81,99.09,97.53,89.04,A,22,Yes,Yes,PhD,Medium,7,7.7,Excellent
S1937,Ahmed,Smith,student937@university.com,Female,23,Mathematics,50.0,20.68,29.03,27.43,27.31,31.11,43.4,30.03,F,6,Yes,Yes,High School,High,7,8.2,Poor
S1938,Emma,Davis,student938@university.com,Female,24,Engineering,94.93,88.84,87.73,92.05,95.7,89.1,94.09,90.81,A,23,Yes,Yes,,High,9,8.3,Excellent
S1939,Sara,Jones,student939@university.com,Male,21,Mathematics,83.09,83.31,78.45,85.27,72.32,80.91,81.69,80.73,B,20,Yes,Yes,Bachelor's,Medium,9,5.4,Good
S1940,Maria,Williams,student940@university.com,Male,19,CS,89.23,79.69,71.16,91.0,68.82,81.27,74.55,77.3,B,11,No,Yes,Bachelor's,Medium,3,7.3,Good
S1941,Ahmed,Johnson,student941@university.com,Male,23,Business,82.98,49.82,66.67,76.22,73.6,73.32,77.21,68.2,C,17,Yes,Yes,Bachelor's,High,8,5.2,Average
S1942,Liam,Williams,student942@university.com,Female,23,Business,64.56,67.02,57.28,78.32,62.11,60.53,68.74,65.48,C,7,No,No,Bachelor's,Medium,5,7.1,Average
S1943,Ahmed,Jones,student943@university.com,Male,21,CS,74.36,49.84,54.1,72.41,56.91,66.46,56.71,58.03,D,6,No,Yes,,Medium,5,8.4,Average
S1944,Ahmed,Johnson,student944@university.com,Male,18,Business,100.0,89.29,90.02,96.39,93.95,94.89,83.16,90.34,A,30,No,No,High School,Medium,8,4.2,Excellent
S1945,Omar,Williams,student945@university.com,Male,24,Business,96.31,93.61,90.71,88.23,89.43,92.28,98.32,92.47,A,22,Yes,Yes,Master's,Low,6,8.9,Excellent
S1946,Ahmed,Davis,student946@university.com,Male,21,Mathematics,93.74,87.65,85.9,97.61,98.0,100.0,95.79,92.6,A,15,No,Yes,,Medium,10,8.1,Excellent
S1947,Liam,Johnson,student947@university.com,Female,21,Business,61.69,42.97,40.34,44.98,41.4,40.54,31.74,39.97,D,6,Yes,Yes,High School,Low,10,7.8,Poor
S1948,Emma,Smith,student948@university.com,Male,23,Business,56.09,46.82,45.53,54.47,46.04,35.9,44.29,45.97,D,5,Yes,Yes,PhD,Medium,1,7.5,Poor
S1949,Ahmed,Williams,student949@university.com,Male,19,Business,58.14,83.99,85.01,83.86,90.46,95.24,80.48,85.3,A,22,Yes,Yes,High School,Medium,4,7.9,Excellent
S1950,John,Johnson,student950@university.com,Female,20,Engineering,54.41,57.68,47.14,58.59,56.81,61.43,69.9,57.91,D,5,Yes,Yes,High School,High,9,9.0,Poor
S1951,Maria,Davis,student951@university.com,Female,24,CS,64.93,64.75,57.05,69.98,65.13,58.7,57.17,61.53,C,10,Yes,Yes,High School,High,5,7.9,Average
S1952,Ahmed,Johnson,student952@university.com,Female,21,Mathematics,99.83,97.43,89.13,81.76,88.9,88.34,83.74,88.5,A,26,Yes,Yes,,High,4,5.8,Excellent
S1953,Maria,Johnson,student953@university.com,Male,24,Business,66.28,78.03,56.03,54.21,35.2,35.67,66.86,58.2,C,7,Yes,Yes,High School,Low,10,7.1,Average
S1954,John,Davis,student954@university.com,Male,21,CS,90.52,78.04,72.65,68.91,65.73,78.53,86.34,75.8,B,21,No,Yes,High School,Low,1,5.7,Good
S1955,John,Williams,student955@university.com,Male,18,Business,83.78,72.08,76.44,89.7,72.21,83.28,79.94,78.52,B,23,Yes,Yes,PhD,Medium,9,8.9,Good
S1956,Maria,Brown,student956@university.com,Male,24,Engineering,89.74,73.77,77.3,71.9,78.12,79.6,100.0,80.64,B,16,No,Yes,PhD,Low,8,8.5,Good
S1957,Ali,Williams,student957@university.com,Female,18,Engineering,100.0,84.72,89.2,82.6,84.87,95.57,99.14,89.51,A,25,Yes,Yes,Bachelor's,High,3,6.8,Excellent
S1958,Sara,Jones,student958@university.com,Male,23,Business,94.57,88.38,87.9,93.34,87.41,100.0,91.05,90.6,A,18,No,Yes,,Low,9,7.9,Excellent
S1959,Omar,Davis,student959@university.com,Male,18,Business,55.23,60.44,61.24,71.69,51.46,58.99,71.34,63.46,C,14,No,Yes,High School,Medium,1,8.5,Average
S1960,Ali,Williams,student960@university.com,Female,24,Business,98.91,87.34,90.21,90.06,84.38,96.89,100.0,91.66,A,22,No,Yes,Bachelor's,Low,4,5.2,Excellent
S1961,Ali,Johnson,student961@university.com,Female,22,Engineering,59.96,71.08,60.58,62.47,71.0,71.45,41.45,61.27,C,13,No,Yes,Bachelor's,High,5,6.9,Average
S1962,Emma,Davis,student962@university.com,Female,24,Engineering,100.0,90.76,90.32,86.88,86.83,85.47,91.56,89.31,A,27,Yes,Yes,,Medium,4,6.4,Excellent
S1963,Omar,Smith,student963@university.com,Male,21,CS,83.69,91.14,86.75,85.29,84.16,93.84,82.26,86.96,A,22,No,Yes,Bachelor's,Low,4,7.9,Excellent
S1964,Omar,Williams,student964@university.com,Male,18,Mathematics,90.59,86.72,71.11,77.12,73.67,82.83,84.99,79.34,B,12,Yes,Yes,Bachelor's,Medium,9,5.9,Good
S1965,Ali,Davis,student965@university.com,Male,19,Mathematics,86.69,89.47,83.05,76.15,76.41,76.58,96.19,84.62,B,14,Yes,Yes,,Medium,5,7.5,Good
S1966,Ahmed,Williams,student966@university.com,Male,22,Engineering,65.07,68.91,51.18,71.15,58.5,71.72,58.4,61.95,D,1,Yes,Yes,Master's,Low,1,6.0,Average
S1967,Emma,Davis,student967@university.com,Male,23,Mathematics,83.88,70.06,75.85,90.85,87.85,82.39,89.98,81.62,B,17,No,Yes,Bachelor's,Medium,7,4.6,Good
S1968,Emma,Johnson,student968@university.com,Female,20,Business,89.99,78.34,79.6,79.25,76.71,88.86,80.9,80.19,B,22,Yes,Yes,PhD,Low,6,4.5,Good
S1969,John,Smith,student969@university.com,Female,21,CS,85.61,80.33,77.08,74.18,69.88,82.89,78.97,77.53,B,17,No,Yes,Bachelor's,High,9,4.6,Good
S1970,Liam,Smith,student970@university.com,Male,21,Engineering,58.45,32.32,41.06,54.36,44.08,67.66,61.99,48.46,D,12,Yes,Yes,,High,4,4.2,Poor
S1971,Omar,Jones,student971@university.com,Male,19,Engineering,81.32,52.84,45.04,29.93,34.43,44.29,52.7,44.73,D,7,No,Yes,,Low,10,6.7,Poor
S1972,Ali,Davis,student972@university.com,Male,20,Mathematics,72.57,61.55,57.42,57.88,55.49,60.26,70.24,60.97,C,4,Yes,Yes,Master's,Low,6,7.4,Average
S1973,John,Williams,student973@university.com,Male,20,Business,100.0,87.82,94.45,96.39,91.76,97.84,93.91,93.38,A,25,No,Yes,Master's,Medium,10,4.6,Excellent
S1974,Maria,Smith,student974@university.com,Male,23,CS,93.97,88.07,83.85,87.42,91.25,82.8,91.08,87.31,B,20,No,Yes,PhD,Low,7,7.1,Good
S1975,Sara,Smith,student975@university.com,Female,23,Mathematics,85.65,72.43,78.12,84.86,79.38,82.61,81.84,79.31,B,22,Yes,Yes,PhD,Medium,4,7.0,Good
S1976,Liam,Brown,student976@university.com,Female,22,Engineering,76.23,78.74,74.62,71.25,87.78,84.22,76.46,77.58,B,19,Yes,Yes,Bachelor's,High,9,4.7,Good
S1977,Liam,Brown,student977@university.com,Female,21,Engineering,99.63,89.41,91.2,99.87,88.27,90.81,96.48,92.87,A,25,No,Yes,Master's,Low,1,6.0,Excellent
S1978,Liam,Smith,student978@university.com,Male,18,Mathematics,83.82,82.06,79.18,79.77,79.4,88.99,83.75,81.76,B,23,No,Yes,PhD,High,1,7.8,Good
S1979,Emma,Davis,student979@university.com,Male,23,Business,83.97,63.81,73.54,92.31,67.76,78.24,79.75,75.54,B,22,No,Yes,Bachelor's,Low,3,4.1,Good
S1980,Maria,Jones,student980@university.com,Female,19,CS,85.65,71.65,75.07,81.56,74.53,83.77,79.61,77.08,B,15,No,Yes,High School,High,9,4.7,Good
S1981,Liam,Smith,student981@university.com,Female,19,CS,56.11,92.45,65.13,67.3,67.55,60.21,58.05,69.25,C,9,No,Yes,Bachelor's,Low,5,9.0,Average
S1982,Maria,Johnson,student982@university.com,Male,19,CS,90.97,62.82,81.22,87.47,81.1,92.33,88.17,80.97,B,23,No,Yes,PhD,Low,1,7.7,Good
S1983,Ahmed,Williams,student983@university.com,Female,24,CS,94.88,93.71,92.63,90.56,90.75,95.79,92.97,92.73,A,26,Yes,Yes,Bachelor's,Medium,5,6.3,Excellent
S1984,Liam,Jones,student984@university.com,Female,23,Business,61.49,55.63,60.48,76.2,58.11,54.51,66.5,62.24,C,12,Yes,Yes,High School,Medium,6,7.1,Average
S1985,Sara,Johnson,student985@university.com,Male,23,Engineering,98.44,47.08,70.16,75.28,79.99,71.47,82.72,69.94,B,15,No,Yes,PhD,Low,4,8.2,Good
S1986,Maria,Jones,student986@university.com,Female,19,Engineering,85.9,53.19,53.2,70.86,68.06,65.19,58.08,59.51,D,6,Yes,Yes,Bachelor's,Medium,7,8.2,Average
S1987,Maria,Johnson,student987@university.com,Female,23,CS,91.58,63.04,74.28,82.75,71.37,87.93,77.71,75.06,B,23,No,Yes,PhD,Low,3,5.6,Good
S1988,Sara,Williams,student988@university.com,Female,24,CS,92.03,83.96,88.26,89.17,89.62,100.0,88.71,88.94,A,26,Yes,Yes,Bachelor's,Low,5,6.5,Excellent
S1989,Liam,Williams,student989@university.com,Male,18,CS,66.78,57.38,56.56,66.22,47.59,82.71,54.22,59.42,C,9,No,Yes,,High,6,7.2,Average
S1990,Sara,Brown,student990@university.com,Female,18,Mathematics,60.15,77.3,62.77,54.4,75.87,71.06,68.34,67.67,C,12,No,Yes,PhD,Medium,7,4.4,Average
S1991,Maria,Davis,student991@university.com,Female,22,Mathematics,60.12,56.21,60.33,75.13,52.23,64.09,60.56,61.34,C,12,Yes,Yes,PhD,Medium,10,8.7,Average
S1992,Sara,Johnson,student992@university.com,Female,21,Engineering,50.92,68.84,82.67,87.25,67.32,88.39,95.03,82.1,B,25,Yes,Yes,PhD,High,2,6.2,Good
S1993,Maria,Brown,student993@university.com,Male,18,Engineering,80.8,76.42,76.11,71.77,76.17,88.29,74.97,76.52,B,20,Yes,Yes,PhD,Low,5,5.9,Good
S1994,Maria,Johnson,student994@university.com,Male,22,CS,86.62,78.02,75.95,83.51,79.43,84.88,77.41,79.03,B,14,No,Yes,Bachelor's,Medium,7,8.5,Good
S1995,Ahmed,Brown,student995@university.com,Female,20,Mathematics,92.53,96.44,92.21,88.83,95.64,93.83,93.01,93.21,A,21,Yes,No,Master's,Low,7,4.6,Excellent
S1996,Ali,Williams,student996@university.com,Male,21,Business,68.05,28.87,31.68,34.45,36.76,42.12,55.1,37.77,F,2,No,Yes,Bachelor's,Medium,3,4.2,Poor
S1997,Maria,Jones,student997@university.com,Female,18,Mathematics,98.19,82.79,93.77,94.4,96.92,100.0,95.55,92.96,A,30,Yes,Yes,High School,Medium,8,7.4,Excellent
S1998,Liam,Brown,student998@university.com,Male,24,Engineering,54.89,43.32,41.03,51.46,36.79,26.38,38.16,40.59,D,5,Yes,Yes,,Low,1,5.9,Poor
S1999,John,Johnson,student999@university.com,Male,20,Mathematics,75.7,89.56,76.09,80.49,85.07,79.39,78.13,81.08,B,15,Yes,Yes,Bachelor's,Low,4,7.8,Good
S2000,Emma,Johnson,student1000@university.com,Female,22,Engineering,100.0,92.63,88.5,92.04,94.71,95.91,90.24,91.57,A,24,No,Yes,Bachelor's,Medium,3,4.3,Excellent
S2001,Omar,Davis,student1001@university.com,Female,18,CS,68.52,84.98,77.44,77.59,82.26,87.57,81.25,81.23,B,18,No,Yes,PhD,High,4,5.9,Good
S2002,Ali,Williams,student1002@university.com,Female,18,Business,59.94,52.3,41.85,50.27,44.46,22.78,37.8,42.75,D,6,Yes,Yes,High School,High,9,5.2,Poor
S2003,Ali,Johnson,student1003@university.com,Male,23,CS,50.0,71.72,57.14,63.84,63.25,65.13,57.1,62.46,C,11,No,No,PhD,High,8,7.7,Average
S2004,Ali,Smith,student1004@university.com,Female,20,CS,75.57,63.39,67.29,60.05,47.05,70.04,62.87,62.79,C,17,No,Yes,PhD,High,4,5.1,Average
S2005,Ahmed,Jones,student1005@university.com,Male,18,Business,89.36,44.87,54.15,59.4,58.32,76.64,51.91,55.3,D,10,Yes,Yes,Master's,High,8,6.3,Average
S2006,Maria,Brown,student1006@university.com,Male,19,Business,73.45,61.23,54.74,63.42,56.51,73.38,56.45,59.72,D,8,Yes,No,,Low,1,8.1,Average
S2007,Ahmed,Davis,student1007@university.com,Female,24,Business,55.79,55.9,65.11,85.69,63.35,69.91,74.1,68.46,C,17,Yes,Yes,Master's,Medium,8,8.6,Average
S2008,Maria,Jones,student1008@university.com,Male,23,Engineering,94.17,77.46,88.8,88.16,87.7,97.91,93.09,88.1,A,24,Yes,Yes,PhD,High,10,7.6,Excellent
S2009,Liam,Williams,student1009@university.com,Female,23,CS,79.47,72.13,76.95,71.02,82.36,86.16,89.51,79.07,B,20,No,Yes,,Medium,2,6.1,Good
S2010,Ahmed,Davis,student1010@university.com,Male,18,Engineering,62.83,67.59,84.75,97.95,95.11,96.06,90.3,86.58,B,26,Yes,Yes,Bachelor's,Low,6,6.9,Good
S2011,Ahmed,Brown,student1011@university.com,Female,24,Business,50.0,33.16,34.07,31.72,37.11,55.15,56.46,40.43,F,1,No,Yes,High School,Medium,6,7.4,Poor
S2012,Emma,Brown,student1012@university.com,Male,23,Engineering,50.0,52.75,48.02,33.64,45.09,33.84,61.17,47.73,D,8,Yes,Yes,Master's,Low,3,8.4,Poor
S2013,John,Smith,student1013@university.com,Male,21,Business,96.23,90.92,88.3,93.26,80.15,83.99,90.9,88.84,A,21,Yes,Yes,High School,Medium,5,8.4,Excellent
S2014,Ahmed,Williams,student1014@university.com,Female,20,Mathematics,58.26,53.29,59.72,69.49,64.5,63.9,71.24,63.1,C,8,Yes,Yes,PhD,Medium,2,8.7,Average
S2015,Emma,Davis,student1015@university.com,Male,21,Business,64.56,56.48,47.92,45.68,41.26,63.06,31.01,46.76,D,9,Yes,Yes,,Low,8,8.1,Poor
S2016,Sara,Davis,student1016@university.com,Female,22,CS,98.99,88.38,94.25,96.3,85.09,91.57,93.92,92.13,A,28,Yes,Yes,Bachelor's,Medium,8,4.7,Excellent
S2017,John,Johnson,student1017@university.com,Male,21,CS,86.45,87.42,79.08,79.6,85.16,79.95,85.41,82.79,B,19,Yes,Yes,,Low,5,7.7,Good
S2018,Liam,Smith,student1018@university.com,Male,24,CS,64.97,44.24,35.37,28.95,28.76,41.03,28.13,34.64,F,7,No,Yes,High School,Medium,7,8.1,Poor
S2019,Ahmed,Smith,student1019@university.com,Male,19,Engineering,97.55,91.64,95.09,86.39,96.9,100.0,92.74,93.3,A,25,No,No,High School,Medium,8,8.4,Excellent
S2020,Omar,Davis,student1020@university.com,Female,23,CS,56.0,66.24,65.93,64.04,59.72,72.25,83.76,69.29,C,9,No,Yes,Bachelor's,High,4,8.6,Average
S2021,Ali,Davis,student1021@university.com,Female,24,Business,91.58,57.85,71.54,89.55,74.47,73.34,83.83,74.43,B,20,No,No,Bachelor's,Medium,2,6.5,Good
S2022,Sara,Jones,student1022@university.com,Female,23,Mathematics,50.0,42.05,39.12,49.09,54.15,31.26,43.88,42.87,F,1,No,Yes,,High,5,7.3,Poor
S2023,Sara,Jones,student1023@university.com,Female,19,CS,61.28,36.72,39.82,56.08,45.67,46.44,46.46,44.21,F,2,No,Yes,Master's,High,7,4.0,Poor
S2024,Liam,Jones,student1024@university.com,Female,23,Engineering,50.47,36.9,41.71,46.92,42.78,43.2,43.62,42.17,D,14,No,Yes,,Low,4,6.9,Poor
S2025,Emma,Smith,student1025@university.com,Male,21,Mathematics,87.05,83.44,75.12,82.48,76.6,79.29,79.22,79.27,B,10,Yes,No,High School,Low,4,6.4,Good
S2026,Sara,Johnson,student1026@university.com,Male,22,CS,50.0,24.31,37.66,38.63,42.07,37.61,59.78,40.0,F,2,No,Yes,,Medium,4,8.8,Poor
S2027,John,Brown,student1027@university.com,Female,18,CS,69.01,74.16,64.24,66.05,67.08,81.41,59.45,67.54,C,8,Yes,Yes,PhD,Low,9,8.5,Average
S2028,Ahmed,Jones,student1028@university.com,Male,19,Mathematics,82.37,66.27,72.64,78.14,83.29,85.24,83.71,76.73,B,15,No,Yes,,High,9,8.0,Good
S2029,Ahmed,Johnson,student1029@university.com,Male,21,CS,79.71,72.15,62.82,61.02,62.35,66.31,76.69,67.49,C,4,No,Yes,,Medium,10,4.3,Average
S2030,Omar,Williams,student1030@university.com,Male,24,Engineering,95.94,84.06,89.25,94.89,89.68,92.72,97.08,91.01,A,25,Yes,No,PhD,Low,8,6.0,Excellent
S2031,Liam,Jones,student1031@university.com,Male,21,Business,95.04,82.68,77.93,77.75,87.41,77.27,83.94,80.94,B,12,Yes,Yes,High School,Low,8,7.5,Good
S2032,Ali,Brown,student1032@university.com,Female,21,Business,99.78,88.28,96.44,97.71,95.79,94.14,88.33,93.08,A,28,Yes,No,Bachelor's,Low,7,4.1,Excellent
S2033,Emma,Williams,student1033@university.com,Male,18,Mathematics,98.4,84.18,82.09,85.98,91.13,98.15,90.5,87.28,B,22,Yes,Yes,,High,1,5.2,Good
S2034,Ali,Williams,student1034@university.com,Female,20,Business,85.92,79.43,86.75,89.88,90.32,93.62,86.21,86.69,A,23,Yes,Yes,Master's,Low,8,8.4,Excellent
S2035,Sara,Brown,student1035@university.com,Female,23,CS,74.97,69.18,59.36,75.05,69.5,58.47,55.77,63.88,C,12,No,Yes,Bachelor's,Medium,4,4.6,Average
S2036,Liam,Jones,student1036@university.com,Male,23,CS,90.37,80.4,79.3,67.92,72.8,81.82,82.92,78.14,B,18,Yes,Yes,Master's,Medium,1,4.3,Good
S2037,Omar,Smith,student1037@university.com,Female,24,Engineering,67.32,64.65,59.28,65.68,65.48,67.5,65.53,64.01,C,10,Yes,Yes,,Medium,1,6.9,Average
S2038,Ali,Brown,student1038@university.com,Male,22,Business,91.76,92.42,89.93,93.34,91.9,100.0,93.33,92.82,A,27,Yes,Yes,Master's,High,3,8.7,Excellent
S2039,John,Brown,student1039@university.com,Male,24,Mathematics,82.32,69.8,73.34,73.51,80.02,85.1,72.53,74.34,B,15,No,Yes,Bachelor's,Low,3,8.2,Good
S2040,Ahmed,Brown,student1040@university.com,Male,20,CS,75.55,75.08,79.51,85.66,82.24,81.89,76.72,79.5,B,23,Yes,Yes,Master's,Medium,10,8.9,Good
S2041,Sara,Williams,student1041@university.com,Female,23,Mathematics,74.35,66.74,56.45,59.35,65.76,64.44,62.7,61.92,C,7,Yes,Yes,Master's,Low,1,7.8,Average
S2042,Omar,Johnson,student1042@university.com,Female,22,CS,79.72,75.94,71.22,80.73,75.0,86.01,91.21,79.45,B,11,Yes,Yes,Bachelor's,Low,8,6.2,Good
S2043,Ali,Smith,student1043@university.com,Female,24,CS,53.97,45.99,49.04,63.8,54.69,66.66,66.06,56.38,D,2,No,Yes,Bachelor's,Medium,4,8.7,Poor
S2044,Emma,Jones,student1044@university.com,Male,22,Engineering,70.26,42.96,37.58,46.35,35.74,23.43,49.71,40.8,F,5,Yes,Yes,Bachelor's,High,4,6.1,Poor
S2045,John,Jones,student1045@university.com,Male,21,Business,52.32,55.22,52.29,65.36,49.07,73.46,65.65,59.3,D,8,No,Yes,Bachelor's,Medium,6,5.8,Average
S2046,John,Johnson,student1046@university.com,Male,19,Engineering,91.76,92.32,87.07,90.33,88.62,88.88,94.83,90.5,A,18,No,No,PhD,Medium,9,6.2,Excellent
S2047,Ali,Brown,student1047@university.com,Female,21,Business,96.69,88.14,88.75,96.91,88.07,100.0,94.14,91.99,A,24,Yes,Yes,,High,9,8.1,Excellent
S2048,Ahmed,Smith,student1048@university.com,Male,18,Mathematics,50.0,39.32,36.33,42.37,36.98,45.31,35.64,38.66,F,1,No,Yes,Bachelor's,Low,8,8.6,Poor
S2049,Ali,Jones,student1049@university.com,Male,23,Business,96.01,55.02,86.17,94.65,91.52,89.71,95.12,83.89,A,25,No,Yes,High School,Low,1,5.8,Excellent
S2050,Sara,Davis,student1050@university.com,Female,22,Mathematics,50.0,30.23,36.84,46.6,35.76,32.34,52.34,39.52,F,6,No,Yes,Master's,High,10,6.3,Poor
S2051,Ali,Jones,student1051@university.com,Female,24,CS,83.93,82.11,77.58,74.72,73.08,80.66,81.69,78.74,B,19,No,Yes,Bachelor's,Medium,10,8.5,Good
S2052,John,Brown,student1052@university.com,Female,19,Mathematics,59.71,57.63,48.3,39.92,22.85,48.26,61.83,49.07,D,1,No,Yes,Bachelor's,High,2,4.2,Poor
S2053,Omar,Davis,student1053@university.com,Male,24,Mathematics,59.96,61.01,53.01,56.05,65.14,54.19,62.6,58.32,D,10,No,Yes,,Medium,3,7.9,Average
S2054,Ali,Johnson,student1054@university.com,Male,23,CS,54.41,36.34,40.24,46.77,40.22,30.13,51.27,41.63,D,2,Yes,Yes,Bachelor's,High,5,6.3,Poor
S2055,Ahmed,Smith,student1055@university.com,Male,22,Mathematics,83.98,91.45,86.28,82.86,77.08,90.49,91.05,87.26,A,19,No,Yes,PhD,Low,5,5.9,Excellent
S2056,Liam,Johnson,student1056@university.com,Female,22,Mathematics,75.6,54.1,60.43,63.82,58.41,66.48,67.66,61.52,C,10,No,Yes,High School,High,10,6.2,Average
S2057,Omar,Johnson,student1057@university.com,Female,21,CS,76.86,70.74,76.2,74.37,74.72,80.31,86.3,77.12,B,16,Yes,No,High School,High,8,6.1,Good
S2058,Emma,Smith,student1058@university.com,Female,19,CS,83.4,83.72,80.12,78.2,80.76,81.16,81.54,81.0,B,20,No,No,Bachelor's,Medium,2,7.8,Good
S2059,Maria,Smith,student1059@university.com,Female,19,CS,66.09,49.64,59.08,62.09,62.37,69.27,76.94,62.56,C,15,Yes,Yes,,Medium,2,8.6,Average
S2060,Ali,Jones,student1060@university.com,Male,23,Business,54.39,33.41,43.38,58.29,48.17,30.87,48.07,43.79,D,6,Yes,Yes,Bachelor's,Medium,8,6.5,Poor
S2061,Ahmed,Jones,student1061@university.com,Male,22,CS,52.3,37.77,45.55,41.93,53.69,39.01,53.26,45.15,D,9,No,Yes,Master's,High,1,8.2,Poor
S2062,Omar,Smith,student1062@university.com,Male,19,CS,78.92,56.57,63.35,60.09,72.2,61.44,77.81,65.09,C,9,No,Yes,High School,High,9,7.7,Average
S2063,Ahmed,Davis,student1063@university.com,Male,19,Mathematics,80.21,67.12,77.59,79.88,78.61,89.0,89.53,79.47,B,21,No,Yes,Master's,Medium,2,5.7,Good
S2064,Emma,Williams,student1064@university.com,Male,24,Engineering,76.91,82.59,75.01,86.44,80.99,70.35,79.07,79.18,B,17,Yes,Yes,PhD,Low,5,6.9,Good
S2065,John,Jones,student1065@university.com,Male,23,Engineering,50.0,69.84,59.94,67.44,69.18,67.73,54.61,63.68,C,10,No,Yes,High School,Medium,3,7.3,Average
S2066,Ahmed,Williams,student1066@university.com,Male,21,Business,98.33,88.93,90.92,87.12,81.5,91.33,91.03,89.07,A,25,Yes,Yes,High School,High,5,4.1,Excellent
S2067,Omar,Davis,student1067@university.com,Male,24,Business,92.82,98.04,96.66,86.82,94.41,95.24,95.47,94.85,A,28,No,Yes,PhD,High,8,6.0,Excellent
S2068,Ahmed,Smith,student1068@university.com,Female,24,Engineering,76.74,79.77,74.72,75.92,77.93,80.56,82.94,78.46,B,17,No,No,Master's,Medium,8,9.0,Good
S2069,Ahmed,Davis,student1069@university.com,Female,20,Engineering,86.52,80.37,80.33,80.2,86.08,86.64,79.96,81.45,B,19,No,Yes,Bachelor's,Medium,6,7.2,Good
S2070,Ahmed,Jones,student1070@university.com,Male,18,CS,84.57,80.42,72.23,69.05,76.19,73.09,87.67,76.96,B,17,Yes,Yes,,High,9,5.7,Good
S2071,Sara,Johnson,student1071@university.com,Female,20,Mathematics,86.28,94.48,91.28,94.11,84.36,94.65,90.32,91.8,A,22,Yes,Yes,Master's,High,7,5.3,Excellent
S2072,Sara,Smith,student1072@university.com,Male,19,CS,95.19,89.08,88.53,91.43,82.59,100.0,91.49,90.22,A,26,No,Yes,PhD,Low,2,5.0,Excellent
S2073,John,Brown,student1073@university.com,Male,22,Business,100.0,86.06,93.22,94.28,88.16,90.52,94.87,91.5,A,27,Yes,No,PhD,Medium,1,6.0,Excellent
S2074,Ali,Williams,student1074@university.com,Female,18,Engineering,73.51,49.23,41.98,39.79,24.02,54.9,65.55,47.31,D,3,No,Yes,PhD,Medium,8,5.0,Poor
S2075,Ahmed,Davis,student1075@university.com,Male,18,Business,84.01,71.07,77.66,73.61,67.9,81.36,89.63,77.52,B,19,Yes,Yes,High School,Low,1,4.7,Good
S2076,Emma,Smith,student1076@university.com,Male,22,CS,80.96,86.25,82.4,77.58,90.21,93.95,79.21,83.74,B,20,Yes,Yes,Bachelor's,High,8,5.8,Good
S2077,Ali,Davis,student1077@university.com,Male,18,Business,57.37,59.22,53.89,55.75,70.25,74.73,66.24,61.42,D,5,No,Yes,High School,High,9,7.0,Average
S2078,Emma,Smith,student1078@university.com,Male,22,Business,100.0,90.54,91.97,89.5,88.29,100.0,95.67,92.49,A,22,No,Yes,High School,Low,1,4.7,Excellent
S2079,Ali,Jones,student1079@university.com,Male,18,Mathematics,77.18,36.57,43.63,52.59,44.48,55.32,49.21,45.93,D,6,Yes,Yes,High School,Medium,7,4.2,Poor
S2080,John,Jones,student1080@university.com,Male,24,Business,77.29,70.5,66.02,62.41,60.11,72.29,77.9,68.79,C,9,Yes,No,PhD,High,5,4.2,Average
S2081,Ahmed,Jones,student1081@university.com,Male,23,CS,98.03,96.89,89.94,81.04,82.89,98.41,92.07,90.56,A,25,Yes,Yes,Master's,Low,8,5.3,Excellent
S2082,Ahmed,Davis,student1082@university.com,Female,23,Mathematics,99.09,81.43,76.27,75.11,81.42,87.97,87.32,81.02,B,18,No,Yes,,Low,4,5.0,Good
S2083,Maria,Brown,student1083@university.com,Female,20,Business,50.0,42.74,36.79,29.77,34.69,38.07,55.5,40.59,F,7,No,Yes,,Low,2,6.7,Poor
S2084,Emma,Jones,student1084@university.com,Male,24,CS,50.0,39.98,36.37,43.23,42.49,36.09,40.71,39.57,F,4,Yes,Yes,Bachelor's,High,7,6.3,Poor
S2085,Ali,Smith,student1085@university.com,Female,18,Engineering,91.97,75.12,81.79,76.9,80.5,85.95,81.39,79.93,B,20,No,Yes,Bachelor's,High,7,5.6,Good
S2086,Ali,Jones,student1086@university.com,Male,21,Mathematics,81.91,59.64,62.69,61.3,62.5,69.59,76.18,65.24,C,7,Yes,No,PhD,Low,8,8.2,Average
S2087,Liam,Johnson,student1087@university.com,Male,22,Business,88.73,89.49,93.86,95.36,95.34,99.69,91.68,93.51,A,22,No,Yes,,Low,9,6.5,Excellent
S2088,Liam,Jones,student1088@university.com,Male,24,Business,50.0,42.73,45.72,48.42,29.01,40.45,51.31,44.45,D,8,No,Yes,Master's,High,6,4.5,Poor
S2089,Sara,Davis,student1089@university.com,Male,18,Mathematics,94.52,88.11,87.56,98.29,87.33,89.87,89.71,89.92,A,23,Yes,Yes,PhD,High,3,5.5,Excellent
S2090,Maria,Brown,student1090@university.com,Female,23,CS,59.7,37.84,36.16,48.34,38.29,39.34,27.91,37.2,F,4,No,Yes,Bachelor's,High,5,8.9,Poor
S2091,Omar,Johnson,student1091@university.com,Female,23,Business,59.92,74.88,55.52,57.48,45.53,69.94,67.77,62.58,C,3,Yes,Yes,PhD,High,3,8.9,Average
S2092,Liam,Davis,student1092@university.com,Female,22,CS,65.24,74.3,60.76,76.31,40.1,61.33,78.31,67.3,C,8,No,Yes,Bachelor's,High,10,5.3,Average
S2093,Omar,Davis,student1093@university.com,Female,21,Mathematics,86.01,29.94,58.92,73.27,67.77,88.32,68.94,61.11,C,21,Yes,Yes,,Low,9,4.8,Average
S2094,Sara,Davis,student1094@university.com,Male,18,Business,100.0,82.74,90.47,87.38,96.07,97.66,88.91,89.43,A,28,No,Yes,PhD,High,5,6.5,Excellent
S2095,Sara,Smith,student1095@university.com,Female,18,Engineering,99.69,91.35,84.81,87.5,87.93,96.43,91.06,89.25,B,20,No,Yes,High School,High,7,6.4,Good
S2096,Sara,Davis,student1096@university.com,Male,21,Engineering,95.1,82.53,86.41,92.9,87.54,91.86,83.16,86.62,A,24,No,Yes,Bachelor's,Low,10,6.1,Excellent
S2097,Emma,Smith,student1097@university.com,Male,21,Engineering,97.68,93.27,93.48,92.34,89.34,100.0,85.44,91.9,A,19,Yes,Yes,High School,Low,7,6.6,Excellent
S2098,Emma,Davis,student1098@university.com,Female,21,Mathematics,58.93,55.29,53.55,55.3,66.26,64.48,64.89,58.79,D,8,Yes,Yes,Bachelor's,Medium,7,5.2,Average
S2099,John,Williams,student1099@university.com,Male,23,Business,79.35,73.42,77.82,82.3,72.05,89.98,69.95,76.68,B,24,No,Yes,High School,High,10,4.6,Good
S2100,John,Johnson,student1100@university.com,Female,22,Mathematics,89.52,87.82,92.53,85.43,91.1,92.62,87.82,89.45,A,30,No,Yes,,Medium,4,6.9,Excellent
S2101,Sara,Williams,student1101@university.com,Female,24,Business,50.0,37.48,38.14,25.74,54.94,46.11,37.34,38.47,F,7,Yes,Yes,,Medium,4,8.7,Poor
S2102,Maria,Davis,student1102@university.com,Female,21,Engineering,70.34,37.53,39.86,25.74,57.87,35.66,59.96,42.68,F,1,Yes,Yes,Master's,Low,3,4.7,Poor
S2103,Ali,Johnson,student1103@university.com,Female,22,Engineering,50.0,50.33,37.5,38.49,21.33,35.75,48.98,40.72,F,4,No,Yes,Master's,Low,4,7.5,Poor
S2104,Emma,Johnson,student1104@university.com,Female,20,CS,87.33,98.34,57.55,46.06,31.57,47.02,46.98,58.22,C,6,No,Yes,Master's,Medium,9,6.2,Average
S2105,Maria,Brown,student1105@university.com,Male,18,Mathematics,87.17,91.96,88.78,92.1,94.46,91.64,93.68,91.75,A,26,Yes,No,PhD,Medium,5,5.5,Excellent
S2106,Ahmed,Williams,student1106@university.com,Female,18,Mathematics,77.56,89.72,80.14,74.03,73.44,77.74,80.78,80.36,B,19,Yes,Yes,Bachelor's,Medium,6,8.3,Good
S2107,Emma,Brown,student1107@university.com,Female,19,CS,78.3,68.77,59.32,69.27,45.85,72.96,72.5,65.36,C,11,Yes,Yes,PhD,Medium,4,6.3,Average
S2108,Emma,Johnson,student1108@university.com,Male,20,Engineering,84.9,86.6,72.38,73.26,75.39,57.38,73.63,74.41,B,9,No,Yes,Master's,High,1,6.9,Good
S2109,John,Smith,student1109@university.com,Female,24,Engineering,92.76,82.32,82.18,90.58,85.01,92.68,86.51,85.67,B,23,No,Yes,Bachelor's,Medium,7,6.2,Good
S2110,Ali,Johnson,student1110@university.com,Female,21,Mathematics,80.75,62.77,59.41,52.08,48.44,67.9,58.62,58.58,C,10,Yes,Yes,PhD,Low,7,4.4,Average
S2111,Ali,Brown,student1111@university.com,Male,21,Business,97.55,93.03,91.5,99.05,88.45,92.13,96.36,93.67,A,24,Yes,Yes,,Medium,6,7.0,Excellent
S2112,Liam,Williams,student1112@university.com,Male,24,Engineering,95.39,96.96,90.47,90.94,90.16,95.11,87.33,91.64,A,29,No,Yes,Bachelor's,Medium,4,6.1,Excellent
S2113,Omar,Davis,student1113@university.com,Female,23,CS,89.26,80.67,79.35,80.19,77.03,83.99,84.5,81.0,B,16,No,Yes,Master's,Low,10,4.4,Good
S2114,Omar,Davis,student1114@university.com,Male,20,CS,88.38,79.95,79.13,82.88,71.96,83.01,67.03,77.11,B,20,No,Yes,,Medium,8,7.0,Good
S2115,Omar,Williams,student1115@university.com,Female,21,CS,84.8,82.49,78.96,77.63,79.85,90.54,88.48,82.62,B,18,No,Yes,Bachelor's,Low,8,4.0,Good
S2116,Omar,Davis,student1116@university.com,Male,19,Mathematics,96.85,95.55,91.42,84.5,88.38,100.0,96.88,92.85,A,20,Yes,Yes,PhD,High,1,5.0,Excellent
S2117,Ahmed,Davis,student1117@university.com,Female,22,Mathematics,50.0,39.5,31.76,39.1,43.31,31.91,34.74,36.17,F,8,No,Yes,Master's,High,9,7.9,Poor
S2118,Ahmed,Brown,student1118@university.com,Female,18,Mathematics,77.96,75.6,69.26,80.94,77.99,75.6,72.45,74.43,C,15,No,Yes,PhD,Low,8,4.2,Average
S2119,Emma,Williams,student1119@university.com,Female,20,Mathematics,94.4,91.83,97.61,88.02,98.73,100.0,96.04,95.05,A,29,No,Yes,,High,2,7.2,Excellent
S2120,Sara,Jones,student1120@university.com,Male,18,CS,50.0,37.82,38.68,44.69,41.7,47.02,51.37,43.08,F,3,Yes,Yes,,High,9,8.7,Poor
S2121,John,Smith,student1121@university.com,Female,22,CS,62.48,46.4,38.47,52.15,36.07,24.13,42.93,41.33,F,10,Yes,Yes,,High,4,4.9,Poor
S2122,John,Smith,student1122@university.com,Male,20,Mathematics,50.0,28.02,35.03,40.73,36.11,53.56,44.65,38.37,F,6,Yes,Yes,Bachelor's,Low,10,6.1,Poor
S2123,Omar,Davis,student1123@university.com,Female,22,Mathematics,71.08,58.76,55.65,55.2,52.86,78.87,68.07,60.73,C,9,No,Yes,Master's,Medium,6,6.9,Average
S2124,Emma,Smith,student1124@university.com,Female,21,CS,70.23,64.34,59.4,67.24,62.34,65.92,71.95,65.02,C,6,No,Yes,,High,2,6.3,Average
S2125,Liam,Williams,student1125@university.com,Female,24,Mathematics,83.03,74.33,72.66,68.13,90.16,87.18,75.02,75.99,B,15,No,Yes,PhD,Medium,10,7.1,Good
S2126,Maria,Williams,student1126@university.com,Female,21,Mathematics,94.48,97.71,89.48,84.9,90.57,94.46,96.13,92.38,A,19,No,Yes,Master's,Medium,4,6.0,Excellent
S2127,Sara,Johnson,student1127@university.com,Female,24,Mathematics,79.4,76.49,72.86,74.17,78.48,90.61,69.56,75.46,B,15,Yes,Yes,PhD,High,2,4.7,Good
S2128,Emma,Johnson,student1128@university.com,Male,21,Mathematics,86.61,75.71,81.74,84.44,76.96,84.49,76.25,79.64,B,21,No,Yes,PhD,High,9,4.4,Good
S2129,Sara,Smith,student1129@university.com,Male,22,Engineering,87.67,73.61,77.91,84.69,78.31,88.27,78.79,79.32,B,17,Yes,Yes,,Medium,9,7.7,Good
S2130,Sara,Jones,student1130@university.com,Male,22,Mathematics,51.4,61.23,58.55,67.07,64.29,55.0,76.47,64.17,C,7,No,Yes,Master's,High,5,5.2,Average
S2131,Sara,Johnson,student1131@university.com,Female,22,CS,70.11,77.43,78.03,82.47,87.46,70.85,76.95,78.59,B,18,No,Yes,High School,Low,3,8.2,Good
S2132,Emma,Johnson,student1132@university.com,Female,18,CS,92.82,91.36,89.44,99.95,90.6,100.0,94.92,93.67,A,20,No,Yes,Bachelor's,Low,3,7.7,Excellent
S2133,Omar,Williams,student1133@university.com,Male,22,CS,92.6,91.38,87.89,84.54,96.48,94.19,97.98,91.59,A,25,No,Yes,High School,High,1,4.2,Excellent
S2134,John,Jones,student1134@university.com,Female,21,CS,87.57,87.19,71.37,64.64,56.54,68.14,57.59,68.96,B,14,No,Yes,Bachelor's,Medium,8,5.0,Good
S2135,John,Davis,student1135@university.com,Female,19,Mathematics,95.88,93.64,91.68,92.33,98.33,93.66,98.61,94.42,A,21,No,Yes,Master's,High,3,5.5,Excellent
S2136,Omar,Smith,student1136@university.com,Female,22,Engineering,64.95,58.48,44.45,54.91,38.79,47.27,40.96,47.84,D,0,Yes,Yes,,Low,4,7.0,Poor
S2137,Sara,Johnson,student1137@university.com,Male,19,Business,97.94,71.88,76.82,85.88,76.5,83.25,71.92,76.82,B,22,Yes,No,Master's,Medium,2,8.0,Good
S2138,Maria,Jones,student1138@university.com,Male,24,Business,100.0,76.8,76.96,77.57,84.18,93.89,85.72,81.19,B,14,Yes,No,High School,High,8,4.3,Good
S2139,Ali,Jones,student1139@university.com,Male,21,Business,90.66,73.08,79.62,72.87,80.65,83.05,79.09,77.64,B,22,Yes,Yes,PhD,Low,3,5.2,Good
S2140,Emma,Smith,student1140@university.com,Male,22,Business,80.19,49.79,55.54,60.22,66.56,61.26,58.61,57.38,C,4,Yes,Yes,Bachelor's,Medium,2,5.9,Average
S2141,Ali,Jones,student1141@university.com,Male,18,CS,94.86,76.19,78.9,81.97,74.56,86.7,76.59,78.7,B,17,No,Yes,Bachelor's,Low,1,4.9,Good
S2142,Liam,Jones,student1142@university.com,Female,18,Mathematics,70.72,67.37,63.08,70.97,54.98,48.57,67.89,63.82,C,12,No,Yes,High School,High,10,6.7,Average
S2143,Omar,Jones,student1143@university.com,Female,24,Mathematics,80.98,76.64,77.28,77.42,90.05,73.17,84.4,79.46,B,16,Yes,Yes,,High,2,6.4,Good
S2144,Maria,Johnson,student1144@university.com,Female,19,Business,85.72,76.1,75.8,75.18,81.43,90.34,82.82,79.19,B,14,No,No,Master's,Low,2,5.6,Good
S2145,Emma,Smith,student1145@university.com,Female,23,Business,50.0,45.17,38.99,66.56,36.19,36.24,39.39,43.89,F,0,No,Yes,High School,Low,4,6.6,Poor
S2146,Omar,Jones,student1146@university.com,Male,18,Engineering,66.61,65.24,62.5,58.24,47.12,71.03,56.34,60.49,C,15,No,No,Master's,Low,1,5.8,Average
S2147,Sara,Jones,student1147@university.com,Male,18,Engineering,74.08,50.73,54.56,52.74,62.15,74.2,52.41,55.81,D,12,No,Yes,,Low,1,5.7,Average
S2148,John,Johnson,student1148@university.com,Female,18,Engineering,56.24,61.73,49.62,52.99,48.77,36.88,57.52,52.77,D,5,Yes,No,PhD,Low,6,5.3,Poor
S2149,Ali,Smith,student1149@university.com,Male,21,CS,50.0,35.49,35.95,35.27,39.62,45.7,41.76,38.26,F,8,No,Yes,Master's,Medium,5,6.7,Poor
S2150,Ahmed,Williams,student1150@university.com,Female,18,Mathematics,74.34,63.52,53.75,61.96,66.86,77.2,42.58,58.36,D,4,Yes,Yes,,High,1,6.2,Average
S2151,Ahmed,Johnson,student1151@university.com,Female,20,CS,65.5,65.99,57.97,66.02,65.09,61.01,50.01,60.21,C,11,Yes,Yes,High School,Medium,6,5.0,Average
S2152,Maria,Smith,student1152@university.com,Female,22,CS,64.9,70.12,58.34,55.63,68.22,59.82,67.9,63.34,C,10,No,Yes,PhD,Low,8,4.1,Average
S2153,Sara,Jones,student1153@university.com,Female,24,Mathematics,61.37,69.14,67.43,55.18,54.56,66.48,84.21,67.91,C,18,No,Yes,PhD,Medium,5,4.8,Average
S2154,Liam,Smith,student1154@university.com,Male,18,Engineering,55.93,78.04,57.24,64.22,57.61,59.46,64.45,64.15,C,9,No,Yes,PhD,High,3,4.2,Average
S2155,Ali,Smith,student1155@university.com,Female,23,Mathematics,72.64,73.98,61.17,60.11,58.07,51.39,67.99,63.65,C,10,Yes,Yes,Bachelor's,Low,3,6.2,Average
S2156,Sara,Davis,student1156@university.com,Male,23,Business,96.07,88.92,92.52,90.54,92.51,94.86,93.57,91.95,A,28,No,Yes,,Low,2,5.1,Excellent
S2157,Ali,Smith,student1157@university.com,Female,18,Engineering,62.28,46.77,39.08,46.93,55.18,44.2,58.05,47.71,F,0,Yes,Yes,Master's,High,9,6.1,Poor
S2158,Maria,Williams,student1158@university.com,Female,18,Mathematics,57.72,53.05,40.85,46.35,39.48,42.81,41.55,44.31,D,3,No,No,High School,Medium,9,5.6,Poor
S2159,Maria,Smith,student1159@university.com,Female,20,CS,95.94,96.37,92.89,91.43,88.09,90.38,93.34,92.73,A,26,Yes,Yes,PhD,High,7,6.7,Excellent
S2160,Liam,Williams,student1160@university.com,Female,18,Mathematics,85.89,53.78,59.14,52.19,65.0,76.88,56.79,58.92,C,11,Yes,Yes,PhD,High,1,7.6,Average
S2161,Ahmed,Jones,student1161@university.com,Male,18,Engineering,91.1,89.96,89.61,90.01,83.08,99.94,88.12,89.82,A,27,Yes,Yes,PhD,Medium,1,6.4,Excellent
S2162,Sara,Williams,student1162@university.com,Female,22,Business,82.89,66.7,79.89,70.86,77.89,83.76,82.91,76.69,B,28,Yes,Yes,,Medium,4,4.3,Good
S2163,Emma,Jones,student1163@university.com,Male,23,CS,82.04,60.18,56.9,63.15,53.62,65.99,69.92,61.68,C,4,Yes,No,High School,Low,2,4.1,Average
S2164,Ahmed,Jones,student1164@university.com,Female,20,Business,90.96,88.77,92.96,94.23,92.94,95.03,94.71,92.87,A,29,Yes,Yes,,Low,3,5.1,Excellent
S2165,Sara,Williams,student1165@university.com,Female,23,Business,57.15,69.94,57.33,54.24,51.4,56.62,70.42,61.34,C,8,Yes,Yes,High School,Low,2,6.1,Average
S2166,Ahmed,Johnson,student1166@university.com,Female,20,CS,83.12,71.82,64.57,64.47,62.07,56.47,69.76,65.98,C,8,No,Yes,Master's,High,1,4.2,Average
S2167,Emma,Brown,student1167@university.com,Male,23,Mathematics,85.02,79.43,72.06,80.62,78.14,77.5,78.2,77.2,B,12,Yes,No,Bachelor's,Medium,3,5.6,Good
S2168,John,Smith,student1168@university.com,Female,18,Mathematics,88.77,87.69,91.29,93.94,83.61,100.0,98.35,92.48,A,29,No,Yes,High School,Medium,7,8.4,Excellent
S2169,John,Davis,student1169@university.com,Female,23,Business,79.3,77.14,73.04,82.51,75.02,87.54,82.44,78.81,B,13,No,Yes,,Low,10,4.5,Good
S2170,Liam,Brown,student1170@university.com,Female,23,Mathematics,58.43,50.32,54.15,66.5,64.58,70.21,64.06,59.87,D,7,No,Yes,,High,9,8.7,Average
S2171,John,Smith,student1171@university.com,Female,20,Engineering,50.0,51.52,45.79,40.15,41.43,29.24,48.37,44.52,D,8,Yes,Yes,,High,10,8.3,Poor
S2172,John,Smith,student1172@university.com,Female,24,Business,61.43,68.19,58.78,61.03,58.99,60.59,53.64,60.17,C,10,Yes,Yes,Bachelor's,Medium,9,8.2,Average
S2173,Omar,Jones,student1173@university.com,Male,19,Business,89.92,79.95,71.72,80.89,76.19,87.6,80.38,78.51,B,10,No,No,High School,Medium,8,8.3,Good
S2174,Ali,Smith,student1174@university.com,Male,20,Business,85.87,30.62,50.91,67.27,48.6,63.3,62.58,52.65,D,11,Yes,Yes,High School,Medium,6,4.4,Average
S2175,Omar,Davis,student1175@university.com,Female,20,Engineering,77.23,79.0,79.57,85.02,80.21,79.25,86.43,81.68,B,19,Yes,Yes,High School,Medium,1,4.8,Good
S2176,Omar,Smith,student1176@university.com,Female,20,Business,63.99,49.62,54.9,66.63,61.54,78.41,52.48,58.13,D,13,No,Yes,High School,High,8,4.7,Average
S2177,Liam,Williams,student1177@university.com,Male,21,Mathematics,94.74,91.68,89.98,92.9,85.22,92.05,98.23,92.14,A,26,No,Yes,PhD,Low,8,4.6,Excellent
S2178,Omar,Brown,student1178@university.com,Female,24,Mathematics,59.84,61.08,65.61,55.54,67.47,69.03,83.45,67.29,C,13,No,Yes,PhD,Medium,9,5.6,Average
S2179,John,Williams,student1179@university.com,Male,21,Mathematics,54.37,68.5,67.83,80.94,83.86,69.57,78.77,73.9,C,15,No,Yes,,Medium,10,8.2,Average
S2180,Emma,Davis,student1180@university.com,Female,21,Mathematics,55.02,43.85,42.78,56.21,38.67,42.05,46.14,45.2,D,1,No,Yes,PhD,Medium,6,5.3,Poor
S2181,Liam,Smith,student1181@university.com,Female,20,Business,83.77,84.65,77.78,81.77,80.37,77.16,77.24,79.84,B,11,No,Yes,High School,High,3,5.2,Good
S2182,Liam,Davis,student1182@university.com,Male,19,Engineering,61.85,48.5,50.43,60.19,64.18,59.77,56.85,55.1,D,8,No,Yes,High School,Low,6,7.4,Average
S2183,Maria,Jones,student1183@university.com,Female,20,CS,60.57,23.94,38.9,66.66,50.55,50.25,56.69,45.93,F,1,Yes,Yes,PhD,High,8,4.5,Poor
S2184,Liam,Williams,student1184@university.com,Male,18,Mathematics,93.81,84.47,88.19,98.67,87.26,88.74,89.85,89.31,A,25,Yes,Yes,Master's,Low,7,5.8,Excellent
S2185,Maria,Williams,student1185@university.com,Male,19,CS,63.24,42.51,35.8,36.72,46.86,33.61,43.44,39.7,F,3,Yes,No,,High,8,5.5,Poor
S2186,Liam,Johnson,student1186@university.com,Male,21,CS,90.54,57.45,62.1,69.73,53.14,61.92,69.45,62.87,C,12,No,Yes,Bachelor's,Medium,3,8.2,Average
S2187,Ali,Smith,student1187@university.com,Female,23,Business,96.61,92.36,90.73,94.65,84.63,95.58,91.85,91.74,A,25,Yes,Yes,,Medium,8,6.6,Excellent
S2188,John,Jones,student1188@university.com,Male,23,Mathematics,94.74,80.28,78.67,78.13,78.35,74.63,78.08,78.36,B,19,No,Yes,,Low,5,7.2,Good
S2189,Liam,Williams,student1189@university.com,Male,24,Mathematics,70.46,61.83,64.85,80.17,49.11,56.12,78.7,66.87,C,9,No,No,,High,7,4.6,Average
S2190,John,Williams,student1190@university.com,Female,22,Mathematics,93.32,84.0,90.93,94.24,92.72,89.53,91.3,90.15,A,25,No,Yes,PhD,Low,4,8.6,Excellent
S2191,John,Jones,student1191@university.com,Female,24,CS,84.05,71.28,75.71,87.51,83.49,79.82,78.7,78.38,B,14,Yes,Yes,,High,3,5.6,Good
S2192,Ahmed,Davis,student1192@university.com,Female,19,Mathematics,87.59,75.34,71.31,78.38,87.68,87.68,85.61,79.31,B,13,No,Yes,High School,Medium,6,7.5,Good
S2193,Liam,Davis,student1193@university.com,Female,21,Mathematics,80.62,61.67,67.54,72.76,49.93,70.09,83.58,68.85,C,15,No,Yes,,Low,9,8.8,Average
S2194,Sara,Smith,student1194@university.com,Female,19,Engineering,96.45,91.09,98.08,96.84,86.41,98.98,95.27,94.86,A,28,No,Yes,High School,Low,4,6.5,Excellent
S2195,Ahmed,Johnson,student1195@university.com,Female,19,Business,50.0,34.61,30.75,43.13,40.95,29.7,47.27,37.6,F,8,Yes,Yes,PhD,Medium,9,6.5,Poor
S2196,Sara,Williams,student1196@university.com,Male,23,Mathematics,61.57,40.47,39.68,39.79,31.66,37.65,51.88,41.29,F,2,Yes,Yes,PhD,Medium,3,4.6,Poor
S2197,John,Johnson,student1197@university.com,Female,20,Mathematics,58.74,31.54,38.87,51.57,32.78,40.6,46.24,40.35,F,7,No,Yes,,Medium,6,6.0,Poor
S2198,John,Davis,student1198@university.com,Male,18,Business,88.31,51.9,57.3,49.71,55.46,79.41,81.18,61.88,C,9,No,No,High School,Medium,5,8.3,Average
S2199,Ahmed,Davis,student1199@university.com,Female,22,Business,89.53,44.17,79.41,80.28,86.93,94.01,98.5,78.52,B,25,No,No,High School,Medium,9,4.7,Good
S2200,Ahmed,Brown,student1200@university.com,Male,21,CS,59.65,54.88,62.04,57.31,62.03,70.58,68.14,61.97,C,12,Yes,Yes,High School,Medium,6,8.6,Average
S2201,Sara,Smith,student1201@university.com,Male,19,CS,100.0,92.13,93.04,86.65,86.08,98.44,90.83,91.3,A,26,No,Yes,High School,High,2,7.3,Excellent
S2202,Maria,Brown,student1202@university.com,Female,22,CS,98.51,87.57,89.39,91.95,90.32,91.36,87.44,89.31,A,27,No,Yes,Bachelor's,High,4,6.1,Excellent
S2203,Sara,Brown,student1203@university.com,Female,19,Business,77.91,81.62,72.07,89.09,74.75,92.05,74.59,79.3,B,10,Yes,Yes,PhD,Low,5,6.7,Good
S2204,Ahmed,Brown,student1204@university.com,Male,23,Engineering,82.25,75.33,74.35,76.98,81.16,83.46,72.84,76.23,B,16,Yes,Yes,High School,High,9,4.8,Good
S2205,Emma,Smith,student1205@university.com,Female,18,Mathematics,76.62,47.79,55.38,57.15,53.83,76.47,66.53,58.31,C,4,Yes,Yes,Bachelor's,Low,1,5.1,Average
S2206,Ahmed,Smith,student1206@university.com,Female,23,Business,76.44,71.55,60.06,75.41,44.01,59.36,68.97,64.77,C,7,Yes,Yes,Bachelor's,High,9,5.4,Average
S2207,Emma,Jones,student1207@university.com,Male,22,Engineering,92.01,76.17,74.07,76.42,78.66,89.18,75.37,77.07,B,14,Yes,Yes,PhD,High,10,5.9,Good
S2208,Ali,Johnson,student1208@university.com,Male,21,Business,81.74,72.91,84.57,84.91,83.53,87.11,72.11,79.95,B,21,Yes,Yes,Master's,Medium,1,8.6,Good
S2209,Ahmed,Johnson,student1209@university.com,Male,19,Engineering,73.54,40.42,45.48,34.26,44.58,32.85,62.95,44.93,D,6,No,No,,High,1,5.8,Poor
S2210,Ali,Jones,student1210@university.com,Female,18,Business,83.21,86.17,79.86,80.39,82.59,90.87,81.47,82.9,B,11,Yes,Yes,PhD,High,4,6.6,Good
S2211,Maria,Jones,student1211@university.com,Female,23,Business,71.16,77.5,71.96,84.94,83.67,85.03,76.75,78.45,B,16,Yes,Yes,Master's,High,6,4.8,Good
S2212,Sara,Davis,student1212@university.com,Female,22,Engineering,93.92,88.48,88.51,90.44,93.09,100.0,92.62,91.22,A,24,No,Yes,,Medium,2,7.7,Excellent
S2213,Emma,Brown,student1213@university.com,Female,23,Engineering,90.25,20.86,51.64,58.37,60.96,68.61,66.68,52.13,D,11,No,Yes,,Medium,1,6.8,Average
S2214,Sara,Jones,student1214@university.com,Male,19,Engineering,74.34,47.82,51.41,70.09,54.63,56.23,56.16,55.25,D,9,No,Yes,,High,4,6.2,Average
S2215,Ali,Williams,student1215@university.com,Female,19,Engineering,99.43,81.59,95.33,94.39,82.8,95.7,93.19,90.8,A,30,Yes,Yes,Bachelor's,Low,8,8.7,Excellent
S2216,Emma,Johnson,student1216@university.com,Male,21,Engineering,93.24,83.18,91.44,91.74,88.62,97.17,93.08,90.45,A,23,Yes,Yes,High School,High,6,8.5,Excellent
S2217,Sara,Jones,student1217@university.com,Female,18,Engineering,63.43,53.07,54.69,72.9,63.67,72.34,62.52,61.33,D,5,Yes,Yes,,Medium,5,7.3,Average
S2218,Ahmed,Williams,student1218@university.com,Female,20,Engineering,85.67,64.87,66.76,56.68,74.79,54.54,67.19,64.54,C,12,Yes,Yes,High School,Medium,1,8.6,Average
S2219,John,Williams,student1219@university.com,Male,23,Engineering,81.93,79.05,74.56,74.19,69.71,86.62,89.04,79.02,B,13,Yes,No,,Low,3,6.8,Good
S2220,Ali,Williams,student1220@university.com,Female,19,Business,58.66,15.42,40.22,35.19,38.86,55.99,51.73,38.25,D,3,No,Yes,Bachelor's,Medium,7,8.1,Poor
S2221,Sara,Davis,student1221@university.com,Female,22,Engineering,91.47,51.48,79.58,99.03,91.0,84.49,88.63,80.32,B,23,No,Yes,,Medium,10,6.0,Good
S2222,Ali,Davis,student1222@university.com,Male,23,Engineering,98.05,81.38,79.11,79.36,77.54,89.88,75.82,79.86,B,15,Yes,Yes,PhD,High,3,4.4,Good
S2223,Omar,Williams,student1223@university.com,Female,21,Business,50.0,40.89,41.52,42.19,41.23,44.45,49.34,43.32,D,1,Yes,Yes,Master's,Low,5,9.0,Poor
S2224,Ali,Davis,student1224@university.com,Male,21,Business,84.11,93.02,83.13,77.1,82.2,72.35,78.32,82.07,B,19,No,Yes,,Medium,6,4.8,Good
S2225,Emma,Brown,student1225@university.com,Male,19,CS,61.45,40.22,51.77,66.33,50.8,67.59,56.71,54.12,D,8,Yes,Yes,Master's,Medium,9,5.3,Average
S2226,Omar,Williams,student1226@university.com,Male,19,CS,75.93,71.69,72.33,77.15,70.84,71.0,86.11,75.4,B,17,No,No,Master's,High,3,4.8,Good
S2227,Liam,Brown,student1227@university.com,Male,19,Engineering,70.57,71.03,74.69,76.31,73.05,83.36,86.71,77.31,B,17,No,Yes,Bachelor's,High,6,5.7,Good
S2228,Emma,Brown,student1228@university.com,Female,24,Engineering,84.07,94.28,51.84,41.07,40.34,31.45,40.43,53.24,D,5,No,Yes,Master's,High,2,5.4,Average
S2229,John,Williams,student1229@university.com,Female,20,CS,74.55,84.33,77.45,73.42,74.26,85.02,87.27,80.62,B,17,No,Yes,Bachelor's,High,9,7.0,Good
S2230,Omar,Johnson,student1230@university.com,Female,19,CS,56.4,42.83,35.72,43.98,15.23,45.01,60.19,42.16,F,1,No,Yes,,Low,9,9.0,Poor
S2231,Liam,Williams,student1231@university.com,Male,23,Mathematics,91.69,87.43,86.92,100.0,94.55,98.2,93.78,92.25,A,24,No,Yes,High School,High,7,4.3,Excellent
S2232,Ahmed,Williams,student1232@university.com,Female,23,Mathematics,96.12,89.61,92.34,94.75,97.54,100.0,84.9,91.95,A,27,No,Yes,Bachelor's,Low,9,7.9,Excellent
S2233,Ali,Davis,student1233@university.com,Female,24,Engineering,96.17,93.09,96.22,88.85,100.0,88.61,86.58,92.18,A,30,No,Yes,Master's,Medium,4,4.6,Excellent
S2234,Sara,Williams,student1234@university.com,Female,24,Mathematics,75.66,55.31,61.33,62.87,68.62,64.86,62.32,61.64,C,11,Yes,Yes,Master's,Medium,10,4.1,Average
S2235,Maria,Johnson,student1235@university.com,Female,18,CS,88.42,84.18,80.4,87.75,79.84,83.75,81.28,82.71,B,18,No,Yes,,High,1,7.2,Good
S2236,Ali,Davis,student1236@university.com,Male,22,Engineering,50.0,39.99,44.68,56.97,55.16,24.92,45.1,44.74,D,4,No,Yes,Bachelor's,High,1,8.4,Poor
S2237,Liam,Smith,student1237@university.com,Male,19,Business,91.28,80.42,69.83,84.02,77.33,70.52,74.21,75.77,C,7,No,Yes,,High,2,4.9,Average
S2238,Ali,Smith,student1238@university.com,Female,23,Business,60.16,51.87,38.5,50.21,53.16,38.01,24.39,41.53,F,8,No,Yes,Bachelor's,Medium,10,5.7,Poor
S2239,John,Brown,student1239@university.com,Male,24,CS,99.78,94.62,83.44,88.69,90.43,92.34,87.9,88.94,B,21,No,No,High School,Medium,3,4.8,Good
S2240,Ahmed,Brown,student1240@university.com,Female,23,Mathematics,57.45,62.81,38.74,33.96,25.1,41.46,56.62,45.32,F,0,Yes,Yes,PhD,Medium,2,8.5,Poor
S2241,Maria,Johnson,student1241@university.com,Female,23,Business,86.22,68.72,65.09,78.49,54.83,61.17,69.13,67.22,C,7,No,No,,Low,4,5.4,Average
S2242,Omar,Jones,student1242@university.com,Female,24,Mathematics,79.94,51.34,57.97,70.05,66.39,65.05,60.53,60.52,C,12,Yes,Yes,Master's,Medium,8,6.2,Average
S2243,Omar,Smith,student1243@university.com,Male,20,Business,65.64,55.85,57.39,65.39,49.19,70.49,62.9,59.87,C,9,No,Yes,,High,3,8.5,Average
S2244,Omar,Brown,student1244@university.com,Female,24,Mathematics,74.01,62.32,65.44,72.16,64.73,63.75,71.11,66.72,C,8,No,Yes,Bachelor's,Low,4,6.8,Average
S2245,Liam,Smith,student1245@university.com,Male,24,Business,89.69,61.0,59.43,63.81,64.04,62.06,61.88,61.62,C,13,Yes,Yes,,Low,2,8.7,Average
S2246,Emma,Johnson,student1246@university.com,Male,22,Business,77.14,89.73,91.23,94.85,90.59,96.96,92.69,92.27,A,26,Yes,Yes,High School,Low,1,8.6,Excellent
S2247,Emma,Johnson,student1247@university.com,Female,24,Engineering,94.53,89.69,93.02,97.21,91.17,95.61,93.57,93.17,A,25,No,Yes,Bachelor's,Medium,8,6.3,Excellent
S2248,Sara,Jones,student1248@university.com,Male,21,Engineering,52.91,34.13,30.84,37.49,30.01,26.08,36.2,33.01,F,5,No,Yes,Master's,Medium,7,6.9,Poor
S2249,Maria,Jones,student1249@university.com,Male,24,CS,89.07,59.83,62.09,46.15,72.6,73.69,68.57,62.75,C,6,Yes,Yes,Master's,Medium,10,5.2,Average
S2250,Omar,Davis,student1250@university.com,Female,23,Business,73.86,77.1,60.47,57.28,61.91,54.81,65.12,63.83,C,9,Yes,Yes,Bachelor's,Medium,2,9.0,Average
S2251,Emma,Johnson,student1251@university.com,Male,19,Mathematics,86.44,20.48,63.47,80.59,74.87,78.6,84.87,64.37,C,21,No,Yes,High School,High,8,5.4,Average
S2252,Liam,Brown,student1252@university.com,Male,23,Business,98.0,96.11,99.21,83.66,95.66,100.0,93.26,94.79,A,28,Yes,Yes,,Low,10,7.9,Excellent
S2253,Sara,Smith,student1253@university.com,Female,22,Mathematics,97.58,88.62,93.24,92.91,83.43,95.69,94.49,91.78,A,28,Yes,No,PhD,Low,3,5.6,Excellent
S2254,Ahmed,Williams,student1254@university.com,Female,21,Mathematics,69.33,55.8,59.19,60.74,75.16,63.8,66.6,62.28,C,6,Yes,Yes,Master's,Low,7,5.6,Average
S2255,Sara,Jones,student1255@university.com,Male,24,Business,80.44,87.74,77.14,76.83,71.24,79.3,67.99,77.01,B,14,Yes,Yes,High School,Low,1,4.5,Good
S2256,Emma,Williams,student1256@university.com,Female,20,Mathematics,93.92,93.09,90.66,88.63,94.44,100.0,95.91,93.2,A,25,Yes,Yes,High School,Low,3,6.8,Excellent
S2257,John,Brown,student1257@university.com,Female,18,CS,88.5,68.85,76.28,79.2,72.84,86.17,95.44,79.71,B,10,No,Yes,High School,High,9,5.2,Good
S2258,Liam,Jones,student1258@university.com,Male,24,Engineering,88.79,88.19,86.73,92.61,90.44,91.35,93.23,90.04,A,22,No,Yes,,High,4,4.7,Excellent
S2259,John,Williams,student1259@university.com,Male,19,Mathematics,79.58,81.87,75.74,73.91,81.23,73.78,90.59,80.01,B,17,No,Yes,High School,Low,1,5.1,Good
S2260,Omar,Brown,student1260@university.com,Female,18,Business,90.54,79.98,77.66,76.61,78.86,85.45,85.76,80.49,B,17,No,Yes,High School,Low,6,5.3,Good
S2261,John,Smith,student1261@university.com,Male,20,Engineering,66.65,60.83,59.78,83.79,67.6,57.63,65.8,65.36,C,9,No,Yes,Bachelor's,Medium,1,6.5,Average
S2262,Omar,Brown,student1262@university.com,Female,22,CS,93.52,70.62,78.88,77.53,88.87,85.47,65.05,75.92,B,22,No,Yes,Bachelor's,Low,10,5.9,Good
S2263,Omar,Davis,student1263@university.com,Female,22,Mathematics,83.1,75.84,74.14,84.3,72.84,79.18,88.99,79.35,B,10,Yes,Yes,High School,High,1,4.4,Good
S2264,Emma,Jones,student1264@university.com,Male,20,Mathematics,100.0,89.68,90.02,91.61,95.99,95.07,89.89,91.27,A,25,Yes,Yes,High School,Medium,2,6.7,Excellent
S2265,John,Johnson,student1265@university.com,Male,23,Engineering,89.65,86.25,90.91,97.77,90.97,95.01,92.89,91.82,A,23,Yes,Yes,Bachelor's,High,3,7.9,Excellent
S2266,Omar,Smith,student1266@university.com,Female,20,Mathematics,85.07,78.02,79.81,78.83,85.63,83.3,85.13,81.3,B,22,No,Yes,,Medium,2,6.9,Good
S2267,Maria,Williams,student1267@university.com,Female,24,Business,84.72,80.39,75.14,80.08,77.92,76.27,83.04,78.9,B,15,Yes,Yes,Bachelor's,Medium,8,8.9,Good
S2268,Ahmed,Jones,student1268@university.com,Female,19,Engineering,69.52,70.85,61.65,55.0,56.62,73.22,67.52,64.32,C,11,Yes,Yes,Bachelor's,Low,6,4.5,Average
S2269,Sara,Johnson,student1269@university.com,Female,21,Engineering,82.77,79.08,75.51,70.9,75.9,91.7,76.04,77.3,B,15,Yes,Yes,Bachelor's,High,1,8.1,Good
S2270,Sara,Brown,student1270@university.com,Male,24,Mathematics,59.49,61.3,59.03,60.34,63.89,66.58,71.19,63.35,C,8,Yes,Yes,Bachelor's,High,6,6.5,Average
S2271,Emma,Johnson,student1271@university.com,Female,24,CS,50.0,37.74,39.11,49.56,32.07,49.16,56.86,44.25,F,3,Yes,Yes,PhD,Low,1,6.6,Poor
S2272,John,Jones,student1272@university.com,Male,24,CS,60.1,57.74,60.7,86.06,56.56,78.42,54.87,64.1,C,7,No,Yes,Master's,Medium,9,6.6,Average
S2273,John,Jones,student1273@university.com,Male,18,CS,100.0,85.77,90.39,90.66,86.46,90.9,97.79,90.64,A,27,No,Yes,,Medium,3,5.6,Excellent
S2274,Omar,Davis,student1274@university.com,Female,18,CS,76.78,81.14,72.87,80.56,75.02,76.28,82.18,78.1,B,14,Yes,Yes,,High,1,5.6,Good
S2275,Liam,Davis,student1275@university.com,Male,22,Engineering,88.31,95.76,89.91,100.0,91.97,100.0,90.77,93.98,A,26,Yes,Yes,High School,Low,1,7.2,Excellent
S2276,Ali,Johnson,student1276@university.com,Male,24,Engineering,91.13,92.85,91.06,92.36,88.79,99.81,87.07,91.46,A,21,No,Yes,PhD,Low,2,4.2,Excellent
S2277,Omar,Brown,student1277@university.com,Female,23,Mathematics,50.0,40.85,35.83,34.12,33.16,32.94,42.39,37.33,F,5,No,Yes,High School,High,6,6.9,Poor
S2278,Ahmed,Johnson,student1278@university.com,Male,22,CS,95.37,96.24,94.68,92.68,97.71,100.0,95.89,95.77,A,25,Yes,No,,Medium,1,7.6,Excellent
S2279,Maria,Jones,student1279@university.com,Male,19,CS,78.27,82.58,77.88,77.65,66.7,84.95,73.21,77.44,B,18,Yes,Yes,,Medium,7,5.8,Good
S2280,Sara,Jones,student1280@university.com,Female,20,Mathematics,82.72,61.24,53.75,53.7,61.32,72.73,55.97,58.34,D,3,No,No,High School,Low,4,5.1,Average
S2281,Omar,Williams,student1281@university.com,Female,18,Mathematics,72.28,78.94,58.06,61.71,61.16,49.86,64.5,63.56,C,9,No,Yes,Master's,Medium,7,5.1,Average
S2282,Ali,Davis,student1282@university.com,Female,24,Mathematics,81.31,74.62,76.19,74.32,84.78,82.18,89.24,79.66,B,16,Yes,Yes,High School,Medium,4,4.4,Good
S2283,Ali,Williams,student1283@university.com,Female,19,Business,85.9,94.08,91.78,83.89,83.93,100.0,86.14,89.97,A,30,Yes,Yes,Master's,Medium,4,4.4,Excellent
S2284,Omar,Smith,student1284@university.com,Female,22,Mathematics,88.14,69.64,73.35,81.1,78.41,65.14,78.4,74.47,B,19,No,Yes,Master's,High,4,4.8,Good
S2285,Emma,Jones,student1285@university.com,Female,22,Mathematics,75.92,83.42,76.53,77.68,82.28,77.86,71.54,77.79,B,12,Yes,Yes,Bachelor's,Low,10,4.1,Good
S2286,Sara,Williams,student1286@university.com,Female,18,Business,100.0,95.05,83.94,84.43,91.37,93.67,91.49,89.46,B,23,No,Yes,,High,10,5.3,Good
S2287,Emma,Johnson,student1287@university.com,Male,22,CS,50.22,20.94,63.08,80.23,77.09,95.8,71.35,63.55,C,20,Yes,Yes,Bachelor's,High,8,5.5,Average
S2288,Maria,Davis,student1288@university.com,Male,23,Engineering,97.06,87.6,89.29,100.0,80.76,92.39,85.96,89.35,A,21,Yes,No,,Medium,2,9.0,Excellent
S2289,Ali,Davis,student1289@university.com,Female,22,CS,89.56,92.17,93.85,91.07,87.6,96.94,90.66,92.14,A,30,No,Yes,Bachelor's,Low,8,9.0,Excellent
S2290,Ali,Brown,student1290@university.com,Male,21,Engineering,87.25,75.08,66.14,66.69,72.95,74.4,84.96,73.28,C,19,Yes,No,Master's,Medium,10,4.9,Average
S2291,Ahmed,Johnson,student1291@university.com,Male,20,Engineering,96.68,88.15,94.21,90.6,88.15,94.59,96.18,92.28,A,26,Yes,Yes,Bachelor's,Low,1,5.1,Excellent
S2292,Maria,Brown,student1292@university.com,Female,22,Mathematics,80.34,81.0,74.97,85.31,79.73,84.15,87.13,81.55,B,14,No,Yes,PhD,Medium,7,6.5,Good
S2293,Ali,Williams,student1293@university.com,Male,21,Mathematics,80.64,20.52,46.4,66.46,45.17,68.7,64.13,49.89,D,7,No,Yes,Bachelor's,Low,7,4.7,Poor
S2294,Maria,Smith,student1294@university.com,Female,19,Business,72.94,60.37,61.59,73.98,71.07,59.56,66.45,64.92,C,11,No,Yes,Bachelor's,Low,6,6.5,Average
S2295,Sara,Johnson,student1295@university.com,Male,22,CS,97.29,88.69,93.66,98.41,80.55,92.89,94.24,92.11,A,29,Yes,Yes,Bachelor's,Medium,4,6.0,Excellent
S2296,John,Johnson,student1296@university.com,Female,23,CS,100.0,95.99,96.47,90.57,96.5,91.43,96.65,95.02,A,28,No,Yes,PhD,Medium,5,5.6,Excellent
S2297,Ali,Johnson,student1297@university.com,Male,19,Engineering,91.03,90.53,88.87,90.34,82.36,96.55,86.42,89.05,A,21,No,No,,High,1,8.1,Excellent
S2298,Ahmed,Brown,student1298@university.com,Male,24,Mathematics,67.92,58.32,59.4,64.78,62.19,60.2,73.55,63.18,C,6,No,Yes,Bachelor's,High,2,8.1,Average
S2299,Sara,Williams,student1299@university.com,Male,22,Mathematics,67.81,63.81,60.87,80.71,62.68,62.1,52.78,63.12,C,10,No,Yes,,Low,10,8.9,Average
S2300,Omar,Johnson,student1300@university.com,Female,18,CS,90.57,88.06,91.61,83.67,85.75,100.0,99.17,91.47,A,27,Yes,Yes,High School,Medium,7,5.1,Excellent
S2301,Maria,Johnson,student1301@university.com,Male,21,Business,63.13,28.21,34.87,59.04,42.45,49.5,27.85,37.98,F,4,No,Yes,Master's,Medium,2,8.4,Poor
S2302,Omar,Davis,student1302@university.com,Male,21,Mathematics,94.7,94.26,89.26,96.57,90.33,92.0,95.9,93.07,A,22,Yes,Yes,High School,High,8,6.7,Excellent
S2303,Emma,Smith,student1303@university.com,Female,18,Business,53.3,34.99,66.0,71.14,74.94,88.62,81.07,66.74,C,21,Yes,Yes,PhD,Medium,7,7.0,Average
S2304,Sara,Davis,student1304@university.com,Female,20,CS,61.5,55.34,54.28,65.76,58.56,71.23,52.38,57.96,D,3,No,Yes,PhD,Low,10,8.5,Average
S2305,Omar,Davis,student1305@university.com,Male,24,CS,90.73,24.68,42.66,57.11,34.95,34.89,53.72,41.9,D,4,No,No,,Low,8,8.7,Poor
S2306,Liam,Smith,student1306@university.com,Male,23,Business,50.0,67.48,58.24,56.38,71.02,82.19,69.17,65.67,C,7,No,No,,Low,4,7.6,Average
S2307,Liam,Williams,student1307@university.com,Male,21,Mathematics,70.32,66.9,61.17,61.63,70.18,69.71,59.35,63.78,C,6,Yes,Yes,Bachelor's,High,1,5.7,Average
S2308,Ali,Davis,student1308@university.com,Male,19,CS,71.54,76.9,72.16,76.67,85.05,94.7,71.41,77.18,B,17,No,Yes,High School,Low,7,6.4,Good
S2309,Maria,Williams,student1309@university.com,Female,23,Engineering,68.07,49.85,57.06,65.37,65.99,76.95,66.61,61.66,C,2,No,Yes,,High,1,7.1,Average
S2310,John,Davis,student1310@university.com,Male,21,CS,87.61,90.13,85.43,92.36,93.19,91.46,89.82,89.67,A,18,No,Yes,,High,7,8.1,Excellent
S2311,Sara,Jones,student1311@university.com,Male,24,Mathematics,50.0,28.92,34.59,29.3,43.37,34.82,39.62,34.57,F,0,Yes,Yes,,Low,9,7.3,Poor
S2312,Ali,Smith,student1312@university.com,Female,20,Engineering,86.0,87.05,72.41,74.0,75.53,73.27,85.83,78.66,B,14,No,Yes,Master's,High,5,5.8,Good
S2313,Ahmed,Davis,student1313@university.com,Male,24,CS,51.05,58.86,61.41,78.43,59.42,63.55,57.47,62.68,C,9,Yes,Yes,,High,2,6.1,Average
S2314,Emma,Jones,student1314@university.com,Male,19,Mathematics,84.98,79.95,74.52,86.6,64.51,75.25,76.52,76.89,B,17,Yes,Yes,Master's,Low,1,4.3,Good
S2315,Maria,Brown,student1315@university.com,Male,24,Mathematics,66.8,61.03,62.02,68.26,52.77,72.47,68.47,64.17,C,16,Yes,Yes,PhD,Low,8,8.6,Average
S2316,Sara,Jones,student1316@university.com,Female,23,CS,99.04,87.34,83.92,85.6,59.89,91.47,84.77,83.38,B,22,No,Yes,Bachelor's,High,4,4.4,Good
S2317,Liam,Johnson,student1317@university.com,Female,19,Mathematics,54.28,74.63,62.33,72.03,70.79,80.95,66.73,69.83,C,8,No,Yes,High School,High,8,6.9,Average
S2318,Sara,Davis,student1318@university.com,Male,18,Business,99.04,91.95,91.37,92.37,83.77,86.84,88.29,89.81,A,29,Yes,Yes,,Medium,2,8.4,Excellent
S2319,John,Jones,student1319@university.com,Male,22,Engineering,93.71,94.58,88.31,97.29,89.6,86.29,89.72,91.12,A,23,No,Yes,Master's,Low,3,6.1,Excellent
S2320,Liam,Williams,student1320@university.com,Female,18,Business,92.59,90.27,87.86,94.21,94.27,93.61,82.48,89.43,A,25,Yes,Yes,,Medium,3,8.0,Excellent
S2321,John,Brown,student1321@university.com,Male,23,CS,99.65,96.11,92.82,89.16,92.56,96.45,92.22,93.15,A,23,No,Yes,,High,4,8.0,Excellent
S2322,Ahmed,Davis,student1322@university.com,Male,22,Business,57.72,34.25,34.36,44.88,33.6,45.08,37.87,37.61,F,4,No,Yes,Master's,Medium,9,4.3,Poor
S2323,Emma,Johnson,student1323@university.com,Female,18,CS,94.98,91.07,91.13,89.7,88.3,95.48,93.01,91.43,A,30,No,Yes,,High,9,6.1,Excellent
S2324,Ahmed,Jones,student1324@university.com,Female,22,CS,51.66,30.09,29.29,44.36,24.26,43.72,33.85,33.56,F,3,Yes,Yes,High School,Medium,5,7.5,Poor
S2325,Ali,Brown,student1325@university.com,Female,21,Mathematics,81.07,79.69,75.03,76.68,74.43,90.62,81.71,79.04,B,16,No,Yes,PhD,High,7,6.1,Good
S2326,Ali,Davis,student1326@university.com,Male,24,Mathematics,92.03,98.23,92.36,90.82,86.55,91.58,89.25,92.02,A,21,Yes,Yes,Bachelor's,High,9,6.7,Excellent
S2327,Ahmed,Brown,student1327@university.com,Male,19,CS,58.01,40.04,52.12,58.37,64.73,61.95,63.34,55.13,D,15,No,Yes,,High,1,7.0,Average
S2328,Emma,Johnson,student1328@university.com,Male,22,Engineering,66.14,59.74,53.58,59.95,53.08,70.54,63.36,59.37,D,6,No,Yes,Master's,Low,2,4.8,Average
S2329,Ahmed,Jones,student1329@university.com,Male,21,Engineering,83.95,73.38,72.84,81.92,70.11,87.97,76.8,76.34,B,12,No,Yes,High School,High,6,6.1,Good
S2330,Emma,Brown,student1330@university.com,Female,24,Engineering,79.44,77.93,74.72,78.03,77.7,90.83,81.07,79.04,B,15,No,Yes,,Low,3,4.1,Good
S2331,Emma,Brown,student1331@university.com,Male,24,Business,84.19,66.76,66.75,75.39,62.26,70.51,69.88,68.6,C,2,Yes,Yes,PhD,High,7,4.7,Average
S2332,Omar,Smith,student1332@university.com,Male,20,CS,91.36,93.34,88.65,96.92,83.31,90.57,87.75,90.31,A,23,Yes,Yes,PhD,Medium,5,6.6,Excellent
S2333,Liam,Brown,student1333@university.com,Female,18,Mathematics,70.79,42.43,43.3,53.66,50.81,31.62,36.55,42.91,D,6,No,Yes,Master's,High,10,6.9,Poor
S2334,Maria,Smith,student1334@university.com,Female,20,Business,58.23,40.83,40.59,49.73,39.7,45.25,41.64,42.6,D,0,Yes,Yes,,High,8,4.7,Poor
S2335,Emma,Jones,student1335@university.com,Male,23,Business,54.86,56.5,57.43,59.58,57.0,57.59,60.73,58.2,C,12,Yes,Yes,,Medium,1,7.8,Average
S2336,John,Davis,student1336@university.com,Female,21,Mathematics,91.52,89.59,88.3,83.47,85.83,96.68,89.28,88.62,A,24,Yes,Yes,,High,9,5.9,Excellent
S2337,Emma,Davis,student1337@university.com,Female,20,CS,69.65,64.75,56.3,53.51,64.4,58.6,64.86,60.32,C,7,No,No,PhD,High,10,8.6,Average
S2338,Emma,Jones,student1338@university.com,Male,20,Business,93.7,84.88,95.37,90.57,98.13,88.19,100.0,93.04,A,25,No,Yes,,High,6,5.9,Excellent
S2339,Emma,Jones,student1339@university.com,Male,24,CS,92.96,84.57,89.78,88.14,87.49,89.77,90.96,88.5,A,30,No,Yes,,Medium,5,4.7,Excellent
S2340,Omar,Williams,student1340@university.com,Male,21,CS,82.21,71.0,69.09,80.62,79.49,75.58,84.12,75.9,C,8,No,Yes,,High,8,7.8,Average
S2341,Liam,Jones,student1341@university.com,Male,24,CS,91.42,81.96,77.48,73.3,71.71,86.13,77.92,78.12,B,22,Yes,Yes,,Low,4,6.8,Good
S2342,Omar,Brown,student1342@university.com,Female,19,Mathematics,67.31,33.55,37.43,52.93,32.45,62.33,38.07,41.1,F,7,Yes,No,Master's,Low,9,5.9,Poor
S2343,Ali,Davis,student1343@university.com,Female,22,CS,73.5,64.53,60.16,59.64,58.79,47.77,66.8,60.91,C,10,No,Yes,PhD,Low,5,5.8,Average
S2344,Omar,Johnson,student1344@university.com,Male,23,Business,68.3,38.21,46.98,54.87,54.02,67.33,67.31,53.21,D,12,No,Yes,Bachelor's,Low,1,4.8,Poor
S2345,John,Davis,student1345@university.com,Male,23,Mathematics,97.82,71.84,78.12,83.66,80.85,84.27,78.91,78.74,B,19,No,Yes,Master's,Medium,8,5.7,Good
S2346,John,Smith,student1346@university.com,Female,18,Mathematics,87.67,72.19,71.61,81.49,82.51,78.47,86.54,77.97,B,8,Yes,Yes,,High,9,4.1,Good
S2347,Omar,Davis,student1347@university.com,Male,24,Business,96.66,79.8,84.41,77.56,81.22,87.67,81.17,81.82,B,17,No,Yes,Bachelor's,Low,5,6.5,Good
S2348,Liam,Williams,student1348@university.com,Male,22,Mathematics,50.0,46.25,34.98,53.05,39.03,47.79,39.05,42.44,F,1,No,Yes,High School,High,5,8.5,Poor
S2349,Ahmed,Jones,student1349@university.com,Male,18,Business,89.11,91.21,89.58,93.63,95.9,98.96,90.58,92.28,A,26,No,Yes,Bachelor's,High,6,8.0,Excellent
S2350,Maria,Jones,student1350@university.com,Male,23,Engineering,52.7,33.15,38.02,52.55,50.84,37.88,40.33,40.96,F,4,Yes,Yes,Master's,Medium,9,4.1,Poor
S2351,Liam,Davis,student1351@university.com,Female,22,Business,83.13,60.89,71.37,81.24,77.22,81.2,75.34,73.12,B,18,No,Yes,PhD,High,5,8.4,Good
S2352,Omar,Johnson,student1352@university.com,Male,20,Mathematics,73.63,76.95,75.54,75.52,70.01,89.85,83.33,78.26,B,21,Yes,Yes,Master's,Low,2,6.3,Good
S2353,Emma,Johnson,student1353@university.com,Female,19,Business,73.65,69.38,61.41,66.0,72.78,66.73,53.67,63.81,C,10,No,Yes,PhD,Low,3,5.0,Average
S2354,Sara,Williams,student1354@university.com,Male,20,Engineering,78.11,74.38,71.08,83.44,67.99,87.94,74.73,75.7,B,17,No,Yes,PhD,Medium,10,7.8,Good
S2355,Maria,Smith,student1355@university.com,Male,19,CS,52.3,44.33,40.0,46.64,32.57,34.94,33.67,39.35,D,8,No,Yes,PhD,Low,3,5.6,Poor
S2356,Maria,Davis,student1356@university.com,Female,24,CS,81.05,39.96,40.17,53.59,54.55,34.12,43.13,43.57,D,9,Yes,Yes,High School,Low,9,5.3,Poor
S2357,John,Jones,student1357@university.com,Male,21,CS,79.12,67.97,72.51,82.32,78.0,86.96,75.53,75.67,B,15,No,Yes,Bachelor's,Medium,8,4.8,Good
S2358,Maria,Davis,student1358@university.com,Female,18,Mathematics,92.05,74.57,75.89,84.89,70.91,78.26,69.27,75.39,B,23,Yes,Yes,Master's,Medium,6,6.4,Good
S2359,Omar,Williams,student1359@university.com,Male,18,Engineering,80.12,76.04,76.32,78.21,80.72,90.85,82.45,79.67,B,11,No,Yes,Master's,Low,5,4.5,Good
S2360,Emma,Brown,student1360@university.com,Male,21,Business,50.0,28.85,37.42,45.73,33.45,41.95,39.47,37.42,F,1,Yes,Yes,PhD,Medium,10,7.9,Poor
S2361,Emma,Brown,student1361@university.com,Male,22,Business,100.0,97.81,93.2,96.44,98.65,97.7,89.85,94.93,A,24,No,Yes,High School,Medium,2,6.4,Excellent
S2362,Ali,Williams,student1362@university.com,Male,21,Business,73.3,63.77,62.71,64.66,36.42,77.84,68.93,63.34,C,9,No,Yes,High School,Low,9,6.2,Average
S2363,Emma,Jones,student1363@university.com,Male,24,Business,50.91,27.03,46.51,60.22,64.93,54.54,66.49,51.31,D,9,Yes,Yes,,Low,10,4.0,Poor
S2364,Liam,Williams,student1364@university.com,Female,23,Mathematics,51.25,64.97,55.99,57.07,52.27,66.89,70.43,61.55,C,12,Yes,Yes,High School,Medium,8,8.1,Average
S2365,Emma,Jones,student1365@university.com,Female,21,Mathematics,95.16,87.28,92.79,91.04,83.3,90.74,96.83,91.08,A,23,No,No,PhD,High,5,6.5,Excellent
S2366,John,Johnson,student1366@university.com,Male,19,Engineering,79.7,61.07,64.23,68.91,63.52,64.4,73.74,66.15,C,11,No,Yes,PhD,High,6,6.2,Average
S2367,Emma,Williams,student1367@university.com,Male,23,Business,50.0,40.55,40.86,51.57,43.14,50.61,54.0,46.24,D,1,No,Yes,Bachelor's,Low,9,7.8,Poor
S2368,Ali,Jones,student1368@university.com,Female,21,CS,100.0,86.49,92.35,96.88,82.12,96.97,93.81,91.59,A,25,Yes,Yes,PhD,Low,1,4.3,Excellent
S2369,Sara,Williams,student1369@university.com,Female,18,Mathematics,89.17,83.28,89.31,87.2,84.09,92.31,91.09,87.92,A,29,No,Yes,Bachelor's,High,4,5.8,Excellent
S2370,Omar,Williams,student1370@university.com,Male,20,Engineering,59.11,26.75,37.49,58.46,51.85,48.98,38.06,41.19,F,1,Yes,Yes,High School,Medium,5,6.9,Poor
S2371,John,Jones,student1371@university.com,Male,19,Engineering,89.81,94.55,86.67,91.63,87.95,88.88,79.61,87.93,A,28,Yes,Yes,,High,9,6.3,Excellent
S2372,Liam,Jones,student1372@university.com,Female,24,Mathematics,50.0,35.97,39.01,43.31,46.56,58.06,58.25,45.56,F,0,Yes,Yes,Master's,High,5,4.9,Poor
S2373,Sara,Smith,student1373@university.com,Male,19,CS,84.24,92.16,83.78,93.61,79.13,74.38,85.78,85.93,B,17,No,Yes,PhD,Low,5,5.5,Good
S2374,John,Williams,student1374@university.com,Female,22,CS,97.55,94.47,91.66,93.67,84.07,93.38,95.31,92.67,A,25,No,Yes,High School,Medium,3,5.5,Excellent
S2375,Ahmed,Brown,student1375@university.com,Male,20,Business,64.17,49.33,39.59,41.38,41.79,6.24,40.5,38.87,F,3,No,Yes,PhD,High,8,9.0,Poor
S2376,Maria,Williams,student1376@university.com,Female,19,Mathematics,65.02,95.92,80.68,73.75,84.02,85.29,84.95,84.34,B,17,No,Yes,Bachelor's,Medium,7,5.6,Good
S2377,Ahmed,Williams,student1377@university.com,Female,21,CS,71.61,76.32,76.48,78.32,74.3,79.92,85.1,78.57,B,25,Yes,Yes,High School,Low,8,5.0,Good
S2378,Emma,Jones,student1378@university.com,Male,19,Mathematics,84.15,80.9,75.88,79.75,83.44,73.29,76.01,77.99,B,23,No,Yes,Master's,High,4,8.1,Good
S2379,Sara,Williams,student1379@university.com,Female,19,Engineering,91.97,77.72,78.59,82.7,74.46,84.92,90.06,81.55,B,17,Yes,Yes,Bachelor's,Low,8,6.1,Good
S2380,Emma,Davis,student1380@university.com,Male,19,Engineering,94.36,93.38,92.59,94.89,92.53,100.0,97.52,94.81,A,26,Yes,Yes,High School,High,10,6.2,Excellent
S2381,Maria,Williams,student1381@university.com,Male,22,Engineering,91.02,75.7,69.33,74.46,76.38,81.54,70.03,73.44,C,6,Yes,Yes,Master's,Medium,4,6.7,Average
S2382,John,Davis,student1382@university.com,Male,19,Mathematics,50.0,67.15,46.45,60.02,37.39,40.09,48.03,51.4,D,5,No,Yes,Bachelor's,Low,1,7.0,Poor
S2383,Maria,Brown,student1383@university.com,Male,19,Business,86.14,77.14,74.63,79.43,79.09,74.12,80.24,77.37,B,18,No,Yes,Master's,Medium,4,7.0,Good
S2384,Ali,Jones,student1384@university.com,Female,22,Business,69.21,60.27,64.44,74.1,57.17,66.82,75.38,66.75,C,10,No,Yes,High School,High,5,4.2,Average
S2385,Maria,Williams,student1385@university.com,Male,23,CS,78.98,77.42,79.26,87.42,76.45,89.7,79.38,80.9,B,20,Yes,Yes,Bachelor's,Low,10,8.1,Good
S2386,Ali,Davis,student1386@university.com,Male,20,Mathematics,59.37,59.56,52.58,69.96,38.16,65.04,61.32,58.14,D,7,Yes,Yes,,Medium,8,5.0,Average
S2387,Maria,Davis,student1387@university.com,Male,24,Business,96.4,87.13,91.53,91.76,83.16,96.58,98.83,91.81,A,27,No,Yes,PhD,Medium,10,5.5,Excellent
S2388,Omar,Davis,student1388@university.com,Male,23,Mathematics,64.4,50.95,49.77,57.36,58.7,35.01,37.82,48.17,D,7,Yes,Yes,,High,6,4.9,Poor
S2389,Ali,Johnson,student1389@university.com,Female,18,Business,99.95,82.65,80.47,91.34,78.07,84.56,74.12,81.44,B,16,Yes,Yes,Master's,Low,10,7.8,Good
S2390,Sara,Smith,student1390@university.com,Male,22,Engineering,88.17,88.46,88.17,90.27,86.78,91.35,89.38,88.96,A,22,Yes,Yes,High School,Medium,5,6.9,Excellent
S2391,Emma,Brown,student1391@university.com,Female,22,Engineering,86.14,99.74,90.98,95.68,94.63,100.0,100.0,96.51,A,21,No,Yes,PhD,Low,3,7.8,Excellent
S2392,Liam,Williams,student1392@university.com,Female,19,CS,95.18,85.98,90.12,89.65,88.5,92.77,93.1,89.92,A,22,No,Yes,High School,Low,4,7.3,Excellent
S2393,Emma,Johnson,student1393@university.com,Female,19,Engineering,81.56,64.95,74.3,74.04,74.7,80.52,73.22,72.84,B,13,No,Yes,Master's,Low,6,4.5,Good
S2394,Ahmed,Williams,student1394@university.com,Male,24,Business,71.69,58.26,67.86,73.56,72.91,74.15,79.08,70.17,C,21,Yes,Yes,High School,Low,6,5.5,Average
S2395,Emma,Williams,student1395@university.com,Male,18,CS,71.43,65.25,60.91,64.44,53.62,68.04,70.53,64.22,C,16,No,Yes,Bachelor's,High,6,6.5,Average
S2396,John,Jones,student1396@university.com,Male,19,CS,81.79,80.76,78.9,85.48,78.8,86.05,75.22,80.23,B,19,No,Yes,Bachelor's,Medium,2,5.5,Good
S2397,Omar,Jones,student1397@university.com,Male,21,Engineering,96.15,91.71,91.32,94.54,95.5,87.88,87.13,91.12,A,22,Yes,Yes,Master's,Low,8,5.0,Excellent
S2398,Maria,Jones,student1398@university.com,Female,19,Mathematics,66.51,82.6,63.64,69.13,59.37,60.88,61.16,67.06,C,10,Yes,Yes,High School,Medium,8,8.3,Average
S2399,Ahmed,Johnson,student1399@university.com,Female,19,Engineering,56.59,58.35,57.77,62.81,70.75,76.08,67.02,63.62,C,12,No,Yes,Master's,Medium,6,7.7,Average
S2400,John,Williams,student1400@university.com,Male,21,Engineering,98.14,97.77,93.02,98.85,93.67,100.0,92.27,95.46,A,22,No,Yes,PhD,Medium,4,5.7,Excellent
S2401,John,Smith,student1401@university.com,Male,18,CS,82.43,70.7,86.86,98.65,87.05,90.69,92.49,86.92,A,26,No,Yes,High School,High,2,7.8,Excellent
S2402,Ali,Brown,student1402@university.com,Male,21,Engineering,75.05,76.14,84.6,100.0,83.55,100.0,88.18,87.37,B,25,Yes,Yes,Bachelor's,Low,6,7.1,Good
S2403,Emma,Jones,student1403@university.com,Male,22,Business,75.85,59.96,59.58,56.12,46.55,64.93,72.81,61.02,C,10,No,Yes,,Low,6,4.0,Average
S2404,Sara,Jones,student1404@university.com,Male,21,CS,68.39,65.83,62.15,64.78,48.56,53.63,63.37,61.31,C,13,Yes,Yes,Bachelor's,Medium,10,5.9,Average
S2405,Liam,Williams,student1405@university.com,Male,20,Engineering,88.68,82.54,74.02,83.63,76.32,73.72,82.47,79.06,B,8,No,Yes,High School,Medium,3,5.5,Good
S2406,Sara,Williams,student1406@university.com,Male,22,Mathematics,67.89,55.33,55.63,59.47,60.95,58.57,64.69,58.78,C,9,No,Yes,High School,High,2,5.1,Average
S2407,Ahmed,Johnson,student1407@university.com,Female,19,Business,62.29,56.27,61.73,59.89,51.36,68.04,69.57,61.52,C,16,Yes,Yes,High School,High,4,5.3,Average
S2408,Omar,Johnson,student1408@university.com,Female,24,Mathematics,86.74,76.11,74.7,89.18,74.15,69.84,82.41,78.16,B,18,No,Yes,High School,Medium,8,8.7,Good
S2409,Sara,Jones,student1409@university.com,Female,22,Business,57.21,33.58,36.63,44.65,34.89,36.98,53.42,40.44,F,6,Yes,Yes,PhD,Low,5,6.4,Poor
S2410,Maria,Williams,student1410@university.com,Female,18,Mathematics,92.05,88.84,85.34,90.29,84.23,93.15,75.39,85.46,A,24,No,Yes,,High,3,8.2,Excellent
S2411,Sara,Smith,student1411@university.com,Male,18,Engineering,86.6,92.82,86.07,90.66,91.74,84.1,91.72,89.61,A,21,No,Yes,Bachelor's,Low,5,5.1,Excellent
S2412,Ahmed,Brown,student1412@university.com,Male,21,Business,80.0,76.88,74.08,87.66,80.23,82.11,79.88,79.26,B,15,No,Yes,PhD,High,9,4.9,Good
S2413,Liam,Williams,student1413@university.com,Male,22,CS,99.81,92.14,92.87,85.07,92.97,93.06,96.13,92.24,A,19,No,Yes,Master's,Low,8,8.4,Excellent
S2414,Sara,Williams,student1414@university.com,Male,19,CS,89.27,74.51,85.2,74.87,67.12,75.8,94.65,80.65,A,25,No,Yes,High School,Medium,10,6.5,Excellent
S2415,Maria,Davis,student1415@university.com,Male,18,Mathematics,50.0,48.29,37.44,37.58,36.18,45.88,49.38,42.74,F,0,Yes,Yes,Bachelor's,High,7,8.5,Poor
S2416,Ali,Johnson,student1416@university.com,Female,23,Mathematics,95.61,100.0,94.5,91.29,88.37,95.57,90.79,93.87,A,28,No,Yes,Master's,Medium,4,4.3,Excellent
S2417,Omar,Brown,student1417@university.com,Male,19,Mathematics,100.0,89.38,90.36,86.19,89.19,92.68,99.12,91.41,A,25,No,Yes,,High,2,8.6,Excellent
S2418,Ahmed,Jones,student1418@university.com,Female,23,Business,81.64,70.33,74.78,72.64,78.09,84.02,77.75,75.42,B,15,Yes,Yes,Bachelor's,Medium,9,6.1,Good
S2419,Ali,Williams,student1419@university.com,Male,20,CS,50.0,39.77,38.71,21.17,28.99,33.73,57.08,38.5,F,5,No,Yes,PhD,High,3,4.8,Poor
S2420,Ali,Jones,student1420@university.com,Female,23,Engineering,58.36,84.19,72.4,87.79,85.58,81.65,77.15,80.26,B,17,Yes,Yes,Master's,High,6,7.4,Good
S2421,Ali,Williams,student1421@university.com,Male,18,Business,98.04,75.4,81.08,83.32,80.52,85.55,87.56,81.97,B,18,No,No,Bachelor's,High,7,8.0,Good
S2422,John,Jones,student1422@university.com,Female,21,Mathematics,95.47,95.5,88.84,90.24,95.93,100.0,97.04,93.85,A,22,No,Yes,PhD,Low,3,4.2,Excellent
S2423,Omar,Brown,student1423@university.com,Male,20,CS,99.22,83.03,94.34,91.8,97.67,93.45,95.93,92.26,A,24,Yes,No,High School,Low,3,8.9,Excellent
S2424,Liam,Johnson,student1424@university.com,Male,22,Mathematics,59.04,53.16,36.56,15.91,27.77,30.84,36.8,35.38,F,5,Yes,Yes,Bachelor's,High,3,7.5,Poor
S2425,Emma,Brown,student1425@university.com,Male,19,Engineering,50.0,43.94,34.75,50.96,30.5,27.82,48.96,40.74,F,0,No,Yes,High School,Medium,3,5.6,Poor
S2426,Omar,Davis,student1426@university.com,Male,18,Engineering,100.0,94.86,93.1,98.98,97.79,95.94,95.13,95.49,A,23,Yes,Yes,Master's,Medium,3,4.8,Excellent
S2427,John,Smith,student1427@university.com,Female,20,CS,57.68,51.11,42.78,47.75,49.14,41.86,57.96,48.77,D,0,No,Yes,Master's,High,7,6.0,Poor
S2428,Emma,Johnson,student1428@university.com,Male,20,Business,81.35,73.62,66.56,57.42,70.02,64.28,74.41,68.29,C,11,Yes,Yes,Master's,Low,5,5.1,Average
S2429,Omar,Brown,student1429@university.com,Female,18,Engineering,92.4,77.81,50.36,49.23,19.86,41.18,33.84,48.41,D,1,Yes,Yes,High School,Low,4,6.5,Average
S2430,Ali,Davis,student1430@university.com,Male,22,Engineering,83.26,70.89,75.43,89.63,84.42,81.98,81.11,79.34,B,20,Yes,Yes,High School,Low,6,7.9,Good
S2431,Ahmed,Smith,student1431@university.com,Female,22,Engineering,80.86,73.94,81.18,85.96,76.48,79.48,80.13,79.6,B,19,Yes,Yes,PhD,Low,8,7.3,Good
S2432,Emma,Davis,student1432@university.com,Male,21,Engineering,88.23,74.78,80.13,82.81,85.3,77.68,79.22,79.55,B,16,Yes,No,Bachelor's,Medium,2,6.2,Good
S2433,Maria,Williams,student1433@university.com,Male,24,Mathematics,66.92,65.71,55.85,69.44,68.67,60.15,57.46,61.89,C,6,No,Yes,PhD,High,3,4.6,Average
S2434,Maria,Williams,student1434@university.com,Female,23,Mathematics,99.34,92.82,90.06,86.19,100.0,100.0,92.06,92.42,A,20,No,Yes,High School,High,2,8.8,Excellent
S2435,Sara,Jones,student1435@university.com,Male,22,Business,89.47,100.0,95.76,89.05,89.4,85.72,94.43,93.7,A,25,Yes,Yes,Bachelor's,High,7,5.4,Excellent
S2436,Emma,Johnson,student1436@university.com,Male,21,CS,79.76,74.73,77.27,73.53,73.17,83.35,72.31,75.41,B,20,No,Yes,Master's,Medium,2,5.4,Good
S2437,Ahmed,Williams,student1437@university.com,Female,23,CS,66.51,82.82,64.6,68.82,52.66,62.06,65.25,67.56,C,13,Yes,Yes,PhD,Low,5,7.2,Average
S2438,Liam,Davis,student1438@university.com,Male,20,CS,90.14,91.09,95.82,96.54,88.43,100.0,91.17,93.73,A,30,No,Yes,PhD,Low,10,7.9,Excellent
S2439,John,Johnson,student1439@university.com,Female,18,Engineering,84.94,47.4,66.62,59.09,54.98,85.07,79.45,64.89,C,8,Yes,Yes,PhD,Medium,9,8.9,Average
S2440,Ali,Williams,student1440@university.com,Male,22,Mathematics,51.98,64.26,46.66,48.68,49.77,41.8,44.51,49.88,D,4,Yes,Yes,High School,Medium,8,8.8,Poor
S2441,Sara,Jones,student1441@university.com,Female,21,Mathematics,97.55,93.04,89.57,93.84,89.84,100.0,77.17,89.49,A,27,No,Yes,Bachelor's,High,8,8.6,Excellent
S2442,Maria,Brown,student1442@university.com,Female,20,Business,66.99,71.18,65.09,64.48,61.66,72.89,76.93,69.02,C,11,Yes,Yes,Master's,High,3,6.2,Average
S2443,John,Jones,student1443@university.com,Female,22,CS,88.66,88.07,79.04,67.26,73.86,90.8,86.56,81.24,B,16,No,Yes,High School,Medium,1,4.8,Good
S2444,John,Smith,student1444@university.com,Female,19,Mathematics,50.0,31.18,36.67,39.09,55.48,33.72,46.01,39.39,F,7,Yes,Yes,Master's,Medium,2,6.9,Poor
S2445,Ali,Williams,student1445@university.com,Male,24,Business,88.37,87.31,91.15,91.51,81.58,86.93,92.04,89.24,A,30,Yes,Yes,,Medium,7,4.1,Excellent
S2446,Liam,Smith,student1446@university.com,Male,20,CS,59.55,82.66,55.92,58.6,60.13,62.08,56.17,62.76,C,6,Yes,Yes,,Low,4,5.0,Average
S2447,Liam,Smith,student1447@university.com,Female,22,Engineering,81.14,59.71,57.34,80.62,60.62,74.46,69.06,65.69,C,0,No,Yes,Master's,High,10,4.0,Average
S2448,Emma,Davis,student1448@university.com,Male,20,Mathematics,50.0,36.96,44.51,58.07,34.28,57.62,59.84,48.39,D,3,Yes,Yes,,Medium,5,4.9,Poor
S2449,Maria,Johnson,student1449@university.com,Male,18,Mathematics,76.04,53.89,51.54,59.96,50.14,68.43,53.35,55.18,D,12,No,Yes,Bachelor's,Medium,1,6.4,Average
S2450,Liam,Davis,student1450@university.com,Male,18,CS,89.36,68.03,80.67,89.3,81.08,86.5,75.45,79.02,B,22,No,Yes,Bachelor's,Low,2,6.0,Good
S2451,Ahmed,Williams,student1451@university.com,Female,24,Engineering,75.86,61.21,55.06,81.02,60.35,74.13,67.34,65.08,C,3,No,Yes,High School,Medium,9,5.8,Average
S2452,Liam,Smith,student1452@university.com,Male,18,Engineering,50.0,43.71,34.07,37.65,31.54,57.44,42.86,40.38,F,3,No,Yes,Master's,High,6,8.2,Poor
S2453,John,Brown,student1453@university.com,Male,23,Mathematics,81.5,70.2,76.86,88.6,73.83,85.18,88.14,80.07,B,20,Yes,Yes,High School,Low,7,7.4,Good
S2454,Ali,Smith,student1454@university.com,Female,19,CS,94.43,84.85,89.96,100.0,94.68,94.04,88.14,90.96,A,23,Yes,Yes,Bachelor's,Medium,5,8.7,Excellent
S2455,Ahmed,Brown,student1455@university.com,Male,18,Business,53.7,59.53,45.17,32.74,41.35,39.82,43.83,44.99,D,4,Yes,Yes,Bachelor's,High,9,6.2,Poor
S2456,Emma,Davis,student1456@university.com,Female,19,Mathematics,53.44,68.98,59.73,69.87,63.35,40.73,67.4,63.1,C,12,Yes,Yes,Bachelor's,High,10,5.4,Average
S2457,Maria,Davis,student1457@university.com,Female,18,Engineering,70.95,73.8,64.61,57.59,57.91,60.21,74.88,66.34,C,16,No,Yes,PhD,Low,5,4.6,Average
S2458,Emma,Johnson,student1458@university.com,Female,23,Business,95.43,92.07,91.43,93.21,90.34,99.09,83.31,90.86,A,24,No,Yes,,High,6,7.4,Excellent
S2459,John,Smith,student1459@university.com,Male,20,CS,50.75,67.8,55.5,63.5,51.69,65.06,56.34,59.9,C,12,No,Yes,High School,Low,10,8.2,Average
S2460,Ahmed,Jones,student1460@university.com,Male,22,Engineering,84.51,81.47,76.68,82.8,85.82,78.01,71.41,78.55,B,16,Yes,Yes,High School,High,9,4.9,Good
S2461,Ahmed,Davis,student1461@university.com,Female,22,Business,58.64,55.26,51.1,64.36,55.11,50.31,61.47,56.32,D,10,No,Yes,Bachelor's,Medium,5,8.4,Average
S2462,Ahmed,Davis,student1462@university.com,Female,18,Mathematics,100.0,86.72,93.3,97.56,98.02,98.4,84.24,91.79,A,29,No,Yes,PhD,Low,4,6.6,Excellent
S2463,John,Johnson,student1463@university.com,Female,22,Engineering,87.29,62.15,56.68,75.58,55.59,50.07,58.92,60.29,C,4,Yes,Yes,High School,High,5,4.7,Average
S2464,John,Brown,student1464@university.com,Female,18,CS,75.34,22.09,31.75,45.34,34.87,35.56,45.72,35.34,F,0,Yes,Yes,High School,Low,5,7.2,Poor
S2465,Emma,Johnson,student1465@university.com,Female,18,Engineering,93.58,91.08,93.04,97.37,94.35,90.95,85.74,91.76,A,29,Yes,Yes,PhD,High,5,6.6,Excellent
S2466,Sara,Smith,student1466@university.com,Female,24,Mathematics,62.95,46.46,43.85,52.04,48.9,44.21,46.21,46.61,D,3,Yes,Yes,Bachelor's,Low,1,4.1,Poor
S2467,Emma,Williams,student1467@university.com,Male,21,CS,96.77,69.51,79.96,84.34,85.43,75.29,84.93,79.6,B,17,Yes,Yes,PhD,Medium,5,6.0,Good
S2468,Maria,Williams,student1468@university.com,Female,21,Mathematics,50.0,31.82,30.11,46.23,34.49,33.83,49.33,37.52,F,0,Yes,Yes,,Low,5,7.9,Poor
S2469,Ali,Brown,student1469@university.com,Female,24,Business,75.98,62.15,59.82,64.82,62.75,80.0,65.84,64.55,C,6,Yes,Yes,High School,Low,1,6.8,Average
S2470,Ahmed,Davis,student1470@university.com,Female,21,Engineering,75.83,82.61,70.77,76.84,78.43,81.35,86.2,78.96,B,8,No,Yes,,Medium,4,5.4,Good
S2471,Sara,Brown,student1471@university.com,Male,19,Mathematics,64.36,60.29,57.88,68.75,61.22,74.86,68.5,64.15,C,0,No,Yes,High School,High,8,8.6,Average
S2472,Ali,Davis,student1472@university.com,Male,21,Business,50.0,37.63,42.6,55.28,36.08,40.28,49.21,43.95,D,6,No,Yes,,Medium,4,5.2,Poor
S2473,Sara,Davis,student1473@university.com,Male,18,CS,87.36,87.82,78.59,78.96,71.23,81.6,66.65,77.67,B,19,Yes,Yes,High School,Low,7,5.3,Good
S2474,Liam,Williams,student1474@university.com,Male,23,CS,74.32,88.05,75.42,78.84,80.45,76.83,77.86,79.59,B,17,Yes,Yes,Bachelor's,Medium,6,5.8,Good
S2475,Liam,Brown,student1475@university.com,Female,23,Business,66.69,59.56,60.3,67.39,55.01,65.67,62.33,61.63,C,10,No,Yes,Master's,Medium,5,8.5,Average
S2476,Omar,Johnson,student1476@university.com,Male,20,Business,62.85,62.32,54.36,71.09,59.03,62.2,63.55,61.55,D,8,Yes,Yes,PhD,Low,9,6.5,Average
S2477,Liam,Davis,student1477@university.com,Female,21,CS,66.69,78.25,57.47,57.7,57.77,61.9,63.02,63.24,C,11,No,Yes,High School,Low,8,7.4,Average
S2478,Emma,Jones,student1478@university.com,Female,23,Mathematics,60.23,48.32,49.45,73.3,65.06,55.06,46.85,54.4,D,9,Yes,Yes,PhD,Medium,5,8.9,Poor
S2479,Liam,Jones,student1479@university.com,Female,21,Business,86.78,93.48,76.91,83.26,67.15,77.86,79.68,80.85,B,12,No,Yes,High School,Low,10,7.9,Good
S2480,John,Johnson,student1480@university.com,Female,20,Mathematics,78.41,60.92,62.15,59.26,51.17,67.08,71.19,62.67,C,12,No,Yes,Master's,High,7,4.9,Average
S2481,Ahmed,Jones,student1481@university.com,Female,23,CS,92.52,87.51,82.59,95.57,91.55,95.67,88.94,89.0,B,25,Yes,Yes,Bachelor's,High,9,7.9,Good
S2482,Emma,Smith,student1482@university.com,Female,18,Mathematics,81.96,78.05,77.98,81.81,74.33,77.01,77.05,77.92,B,16,Yes,Yes,Bachelor's,High,7,7.7,Good
S2483,Ali,Davis,student1483@university.com,Male,19,Mathematics,91.79,94.53,93.56,90.12,91.31,98.96,89.14,92.67,A,29,Yes,Yes,PhD,High,3,5.2,Excellent
S2484,Omar,Johnson,student1484@university.com,Male,24,Business,85.31,83.91,78.86,84.74,82.72,84.76,92.11,84.38,B,20,Yes,Yes,Master's,Medium,10,5.6,Good
S2485,Omar,Brown,student1485@university.com,Male,24,Mathematics,82.18,69.29,65.8,75.05,70.8,89.64,64.68,70.55,C,6,No,Yes,PhD,Medium,5,7.6,Average
S2486,Omar,Davis,student1486@university.com,Male,24,Mathematics,92.46,73.01,79.11,77.05,86.31,84.38,75.0,78.01,B,18,No,Yes,Bachelor's,Medium,9,5.2,Good
S2487,Ali,Johnson,student1487@university.com,Male,21,Mathematics,70.78,62.3,61.31,55.38,52.08,58.4,65.37,60.22,C,16,No,Yes,,Low,9,5.0,Average
S2488,Ali,Williams,student1488@university.com,Female,23,CS,79.31,80.31,74.24,63.75,79.58,73.3,74.2,74.31,B,15,No,Yes,PhD,Medium,8,7.5,Good
S2489,Ali,Brown,student1489@university.com,Male,23,CS,75.69,69.75,71.16,81.22,69.54,84.14,93.42,77.97,B,16,No,No,High School,Medium,6,8.4,Good
S2490,Ali,Williams,student1490@university.com,Male,20,Engineering,99.45,77.38,89.87,90.5,93.21,98.6,92.39,89.18,A,30,No,Yes,Bachelor's,Low,7,4.4,Excellent
S2491,Omar,Davis,student1491@university.com,Male,18,CS,88.16,88.27,72.64,76.86,69.29,79.56,74.32,77.09,B,13,Yes,Yes,High School,Low,7,6.2,Good
S2492,Omar,Brown,student1492@university.com,Female,22,CS,85.61,89.64,94.35,96.19,89.5,90.27,97.87,93.5,A,24,No,Yes,Master's,Low,1,7.0,Excellent
S2493,Sara,Jones,student1493@university.com,Female,23,Engineering,93.16,89.79,91.34,92.08,90.9,98.05,91.82,91.86,A,23,Yes,Yes,Bachelor's,High,8,7.4,Excellent
S2494,Emma,Johnson,student1494@university.com,Female,19,Engineering,64.79,57.11,67.0,71.3,54.83,71.77,65.15,64.56,C,12,No,Yes,Bachelor's,Medium,6,9.0,Average
S2495,Ahmed,Davis,student1495@university.com,Male,20,Business,75.47,56.18,60.52,70.11,61.7,60.23,69.23,62.92,C,14,Yes,Yes,PhD,Medium,7,7.4,Average
S2496,Liam,Smith,student1496@university.com,Male,23,Business,79.49,69.73,61.03,68.93,50.98,84.59,53.77,63.85,C,11,Yes,Yes,PhD,Medium,10,7.1,Average
S2497,Liam,Brown,student1497@university.com,Male,23,CS,83.17,70.96,69.68,79.25,77.53,89.83,75.72,75.38,C,8,No,Yes,High School,Low,10,8.9,Average
S2498,John,Brown,student1498@university.com,Male,20,Mathematics,90.67,88.41,85.7,73.58,79.96,81.39,79.41,82.16,A,24,Yes,Yes,PhD,Medium,2,4.3,Excellent
S2499,Omar,Davis,student1499@university.com,Male,20,Business,67.9,42.51,43.64,51.55,43.29,50.18,40.37,44.57,D,8,No,Yes,,High,7,4.4,Poor
S2500,John,Davis,student1500@university.com,Female,21,Business,96.16,84.5,77.77,76.04,76.99,83.44,71.77,78.15,B,17,Yes,Yes,Bachelor's,Medium,8,6.8,Good
S2501,Emma,Williams,student1501@university.com,Male,23,CS,89.71,79.7,76.66,76.54,70.04,78.38,81.32,77.69,B,18,No,Yes,Master's,Medium,5,5.8,Good
S2502,Emma,Jones,student1502@university.com,Female,22,Mathematics,64.72,66.89,82.92,90.31,92.48,100.0,95.52,86.01,B,25,Yes,Yes,Bachelor's,Low,1,4.5,Good
S2503,John,Williams,student1503@university.com,Male,19,Engineering,96.73,68.98,75.01,73.73,80.73,81.93,82.64,76.4,B,20,No,Yes,High School,High,6,5.5,Good
S2504,Omar,Williams,student1504@university.com,Female,18,Engineering,95.91,85.55,79.98,80.57,73.16,81.65,75.17,79.71,B,21,No,Yes,PhD,Medium,3,7.4,Good
S2505,John,Jones,student1505@university.com,Female,18,CS,84.95,81.12,75.4,87.42,65.88,85.53,72.14,77.76,B,16,No,Yes,Bachelor's,Low,5,8.4,Good
S2506,Liam,Smith,student1506@university.com,Female,22,CS,86.14,81.97,75.88,81.37,86.07,78.39,84.25,80.87,B,11,Yes,Yes,PhD,High,9,4.5,Good
S2507,Sara,Williams,student1507@university.com,Female,20,Mathematics,84.02,72.49,81.64,79.1,84.67,84.78,72.99,78.32,B,26,No,Yes,High School,High,7,6.7,Good
S2508,Liam,Williams,student1508@university.com,Male,20,CS,75.03,62.89,63.69,62.38,63.93,71.11,61.35,63.63,C,8,No,Yes,PhD,Low,8,5.5,Average
S2509,Maria,Brown,student1509@university.com,Male,20,CS,79.45,67.75,58.28,66.36,63.86,58.93,58.43,62.04,C,9,No,Yes,Master's,Low,6,7.3,Average
S2510,Omar,Jones,student1510@university.com,Male,23,CS,77.86,64.28,61.58,62.55,67.19,60.14,63.92,63.15,C,14,No,Yes,High School,Low,9,6.7,Average
S2511,Omar,Johnson,student1511@university.com,Female,20,Mathematics,66.17,57.81,58.72,80.68,62.51,56.66,67.95,63.85,C,11,Yes,Yes,Bachelor's,Low,3,8.6,Average
S2512,Ahmed,Smith,student1512@university.com,Male,20,CS,50.0,39.57,38.32,45.74,30.88,49.9,33.44,39.12,F,6,Yes,Yes,Bachelor's,Low,1,4.2,Poor
S2513,Ali,Smith,student1513@university.com,Male,23,Business,93.44,98.01,90.3,90.24,93.5,100.0,96.07,94.28,A,21,Yes,Yes,Master's,Low,10,6.4,Excellent
S2514,Maria,Jones,student1514@university.com,Male,23,Mathematics,90.25,78.96,88.32,90.69,95.89,89.38,95.5,89.1,A,25,No,No,,Medium,4,5.0,Excellent
S2515,Emma,Davis,student1515@university.com,Male,22,Business,96.18,93.54,94.27,88.7,90.85,92.92,95.53,93.06,A,25,Yes,Yes,PhD,Low,8,6.7,Excellent
S2516,Omar,Davis,student1516@university.com,Female,21,Mathematics,59.9,76.94,60.99,70.3,54.48,64.31,64.39,65.94,C,20,Yes,Yes,Bachelor's,Low,6,8.3,Average
S2517,John,Brown,student1517@university.com,Female,23,Business,50.0,43.71,33.63,24.64,34.57,20.68,41.7,34.71,F,2,Yes,Yes,Master's,High,7,8.6,Poor
S2518,Maria,Brown,student1518@university.com,Male,19,Mathematics,88.03,82.4,87.71,93.92,90.0,96.51,91.48,89.44,A,26,Yes,Yes,PhD,High,9,6.0,Excellent
S2519,Ahmed,Jones,student1519@university.com,Male,20,Engineering,84.11,39.8,42.41,49.09,35.74,25.72,35.92,39.26,D,8,Yes,Yes,High School,High,2,8.1,Poor
S2520,Emma,Brown,student1520@university.com,Male,21,CS,95.87,91.3,87.99,96.0,93.54,97.53,88.71,91.51,A,22,Yes,Yes,Master's,Low,7,5.4,Excellent
S2521,Ali,Smith,student1521@university.com,Female,18,CS,72.77,40.17,46.9,48.31,56.79,26.9,49.82,45.34,D,7,No,Yes,High School,Low,4,4.0,Poor
S2522,Ali,Smith,student1522@university.com,Female,22,Mathematics,84.96,83.0,75.44,83.53,85.79,75.48,71.68,78.45,B,9,No,Yes,High School,Medium,7,8.3,Good
S2523,Ahmed,Johnson,student1523@university.com,Female,21,Business,95.26,96.15,94.04,98.1,87.83,93.15,91.64,93.88,A,25,Yes,Yes,High School,Medium,8,4.6,Excellent
S2524,Ahmed,Davis,student1524@university.com,Male,23,Engineering,94.35,81.35,77.89,78.96,83.66,84.68,76.36,79.69,B,12,No,No,PhD,Medium,2,4.1,Good
S2525,John,Jones,student1525@university.com,Female,20,Business,78.98,77.45,75.01,85.8,73.66,83.86,83.26,79.52,B,17,No,Yes,,Medium,7,5.8,Good
S2526,Omar,Williams,student1526@university.com,Female,20,CS,82.25,77.06,73.77,76.69,91.81,77.42,86.03,79.49,B,13,No,Yes,High School,Low,8,5.9,Good
S2527,Ali,Davis,student1527@university.com,Female,20,CS,86.75,78.62,82.44,83.89,83.52,91.37,97.67,85.94,B,15,No,Yes,Bachelor's,High,1,4.4,Good
S2528,Emma,Williams,student1528@university.com,Female,21,Business,78.56,65.62,58.07,62.87,67.41,54.62,83.95,66.06,C,3,No,Yes,PhD,Low,10,8.1,Average
S2529,Maria,Johnson,student1529@university.com,Female,20,Mathematics,71.37,73.75,79.01,84.9,85.06,74.37,84.28,80.04,B,17,Yes,Yes,PhD,Low,5,6.0,Good
S2530,Emma,Johnson,student1530@university.com,Male,23,Mathematics,89.41,84.67,74.44,76.69,68.96,82.88,76.37,77.51,B,14,Yes,Yes,High School,Low,9,6.4,Good
S2531,Sara,Brown,student1531@university.com,Male,21,Business,71.94,55.82,57.56,48.83,61.36,63.71,55.49,56.48,C,14,No,Yes,Bachelor's,Low,2,5.3,Average
S2532,Sara,Johnson,student1532@university.com,Male,20,CS,65.29,60.28,66.89,67.15,62.19,55.37,81.45,66.9,C,12,Yes,Yes,Master's,High,6,6.6,Average
S2533,Ahmed,Johnson,student1533@university.com,Male,18,Business,82.67,82.62,73.77,79.16,81.64,83.47,71.49,77.65,B,15,Yes,Yes,PhD,High,2,7.8,Good
S2534,John,Williams,student1534@university.com,Female,18,CS,93.89,75.23,77.71,72.18,84.76,91.61,85.87,80.11,B,16,Yes,Yes,High School,Medium,3,8.5,Good
S2535,Sara,Brown,student1535@university.com,Male,19,Business,100.0,86.82,93.23,88.11,93.22,96.14,91.61,91.15,A,26,Yes,Yes,High School,Low,6,8.9,Excellent
S2536,Ali,Johnson,student1536@university.com,Male,20,Mathematics,100.0,85.81,95.17,88.6,93.41,100.0,94.76,92.54,A,29,Yes,Yes,,Medium,5,6.1,Excellent
S2537,Emma,Davis,student1537@university.com,Male,20,Engineering,88.27,65.53,60.43,58.29,49.52,61.9,71.03,62.31,C,11,Yes,Yes,,High,4,9.0,Average
S2538,Emma,Johnson,student1538@university.com,Female,21,CS,92.93,95.84,90.62,90.77,93.11,99.12,82.1,91.08,A,27,Yes,Yes,Master's,High,7,5.5,Excellent
S2539,Ahmed,Brown,student1539@university.com,Male,21,Engineering,78.81,79.65,73.39,72.82,63.42,79.81,79.57,75.44,B,18,No,Yes,Master's,Medium,3,4.0,Good
S2540,Omar,Jones,student1540@university.com,Female,24,Mathematics,75.72,66.05,62.71,70.37,41.15,54.49,62.56,61.52,C,11,No,Yes,Master's,High,10,7.8,Average
S2541,Omar,Brown,student1541@university.com,Female,20,Business,90.4,92.36,90.79,90.08,88.36,91.36,95.84,91.82,A,27,No,Yes,Master's,High,7,4.9,Excellent
S2542,Maria,Williams,student1542@university.com,Female,19,Mathematics,82.69,79.25,70.45,79.73,74.06,73.87,76.11,75.44,B,8,Yes,Yes,High School,Low,9,4.3,Good
S2543,Ahmed,Jones,student1543@university.com,Male,20,Engineering,81.11,76.82,76.16,85.55,81.4,79.02,80.28,79.33,B,18,No,Yes,High School,Low,2,8.6,Good
S2544,Liam,Davis,student1544@university.com,Female,23,Mathematics,50.0,55.4,46.72,54.68,45.21,35.07,52.5,49.49,D,4,Yes,Yes,High School,High,5,8.0,Poor
S2545,Maria,Smith,student1545@university.com,Male,21,Mathematics,88.77,81.5,77.71,84.44,82.02,83.77,78.83,80.74,B,14,No,Yes,Bachelor's,High,1,4.5,Good
S2546,Liam,Brown,student1546@university.com,Male,20,Business,77.73,55.24,54.87,65.49,61.39,50.4,68.64,59.5,D,9,No,Yes,Master's,Medium,7,7.9,Average
S2547,Omar,Williams,student1547@university.com,Male,21,Engineering,82.7,92.25,73.77,75.9,75.83,79.63,79.54,79.73,B,12,Yes,Yes,Bachelor's,Medium,2,8.2,Good
S2548,Ahmed,Davis,student1548@university.com,Female,20,Engineering,91.12,87.27,85.08,91.51,96.14,100.0,98.68,91.8,A,22,No,Yes,PhD,High,5,8.5,Excellent
S2549,Liam,Jones,student1549@university.com,Female,22,Engineering,77.57,60.73,59.21,79.28,58.68,54.38,60.99,62.34,C,12,Yes,Yes,PhD,Low,1,6.7,Average
S2550,Ahmed,Davis,student1550@university.com,Male,21,CS,50.72,80.6,49.85,51.83,17.27,41.04,53.61,52.91,D,2,No,Yes,High School,Low,1,7.5,Poor
S2551,Ahmed,Brown,student1551@university.com,Female,19,Mathematics,85.12,47.07,62.34,77.72,54.24,66.93,69.83,62.74,C,9,No,Yes,PhD,Medium,4,7.8,Average
S2552,Omar,Johnson,student1552@university.com,Female,22,Engineering,54.59,57.68,56.05,66.38,70.27,63.64,57.36,60.37,C,5,Yes,Yes,High School,Low,7,7.4,Average
S2553,Maria,Brown,student1553@university.com,Female,23,Mathematics,52.13,48.64,40.58,41.79,33.92,32.84,45.85,41.99,D,4,No,Yes,Master's,Low,7,7.2,Poor
S2554,Maria,Smith,student1554@university.com,Male,20,Business,93.76,96.75,91.78,99.69,81.95,96.64,88.12,92.73,A,25,No,Yes,Bachelor's,Medium,8,6.7,Excellent
S2555,Ahmed,Brown,student1555@university.com,Female,24,Business,91.85,88.94,89.63,93.15,93.36,96.47,88.77,90.9,A,20,No,Yes,High School,Medium,9,6.4,Excellent
S2556,Sara,Jones,student1556@university.com,Female,23,CS,68.9,55.17,59.05,80.7,53.66,55.45,67.56,62.32,C,9,No,Yes,,Low,4,9.0,Average
S2557,John,Jones,student1557@university.com,Male,21,CS,91.12,86.45,82.71,83.29,74.82,79.45,76.98,81.28,B,16,No,Yes,,Medium,2,5.7,Good
S2558,Omar,Brown,student1558@university.com,Female,22,Business,68.38,47.65,55.31,64.61,47.7,82.47,57.27,57.52,C,11,Yes,Yes,Master's,High,10,4.4,Average
S2559,John,Jones,student1559@university.com,Male,23,Engineering,72.74,37.11,44.57,42.1,44.22,55.26,52.68,45.36,D,1,Yes,Yes,Bachelor's,Medium,10,7.8,Poor
S2560,John,Johnson,student1560@university.com,Female,19,Business,82.16,79.9,81.35,80.93,80.11,90.26,78.68,81.23,B,20,Yes,Yes,High School,High,3,5.1,Good
S2561,Maria,Davis,student1561@university.com,Female,24,Mathematics,89.69,81.11,89.27,90.82,89.33,90.4,97.29,89.59,A,24,Yes,Yes,Master's,High,9,6.7,Excellent
S2562,Maria,Brown,student1562@university.com,Female,21,CS,71.23,64.35,55.89,75.83,59.92,72.49,70.6,65.58,C,5,Yes,Yes,Bachelor's,High,8,4.5,Average
S2563,Sara,Johnson,student1563@university.com,Female,22,CS,50.97,74.61,73.56,80.64,74.74,87.52,84.48,78.53,B,13,Yes,Yes,,Medium,6,7.1,Good
S2564,John,Davis,student1564@university.com,Female,23,Business,81.7,66.09,58.09,56.86,53.93,57.16,63.89,60.16,C,9,No,Yes,High School,Medium,3,8.7,Average
S2565,John,Davis,student1565@university.com,Female,22,Engineering,82.52,75.34,75.07,70.85,81.31,77.32,80.71,76.47,B,21,Yes,Yes,Bachelor's,Medium,10,7.6,Good
S2566,Ahmed,Johnson,student1566@university.com,Male,22,Engineering,69.11,60.74,58.46,64.53,63.89,81.86,72.11,65.44,C,10,Yes,Yes,PhD,High,8,5.1,Average
S2567,Maria,Williams,student1567@university.com,Female,23,Mathematics,89.64,87.38,90.01,87.25,87.24,91.14,95.27,89.96,A,28,No,Yes,High School,Medium,2,8.9,Excellent
S2568,John,Brown,student1568@university.com,Female,18,CS,80.88,68.02,60.58,65.16,60.0,60.54,67.16,64.01,C,7,No,Yes,PhD,Low,4,5.5,Average
S2569,Emma,Davis,student1569@university.com,Female,20,Business,61.52,21.1,55.16,84.22,79.95,75.28,75.6,61.29,C,15,Yes,Yes,Master's,Low,4,6.2,Average
S2570,Sara,Davis,student1570@university.com,Male,21,Business,86.17,76.06,70.66,78.4,74.1,77.45,78.63,75.52,B,16,No,Yes,Bachelor's,Medium,9,6.5,Good
S2571,Liam,Jones,student1571@university.com,Male,21,CS,92.83,95.79,90.85,94.54,82.05,97.62,95.03,93.02,A,20,No,Yes,Bachelor's,High,8,9.0,Excellent
S2572,Emma,Davis,student1572@university.com,Male,24,Business,67.67,62.06,58.29,64.94,51.03,53.39,64.3,60.03,C,8,No,Yes,Bachelor's,Medium,7,4.3,Average
S2573,Emma,Johnson,student1573@university.com,Female,24,CS,50.0,39.17,36.19,33.97,35.65,45.33,41.5,38.38,F,3,No,Yes,Bachelor's,Low,4,7.5,Poor
S2574,Liam,Davis,student1574@university.com,Female,24,Engineering,89.44,84.65,93.68,93.34,91.59,86.71,95.8,91.34,A,29,Yes,Yes,High School,High,7,5.8,Excellent
S2575,Omar,Williams,student1575@university.com,Male,21,Engineering,94.52,89.76,90.65,85.77,84.29,96.74,90.04,89.59,A,29,Yes,Yes,PhD,Medium,1,4.4,Excellent
S2576,Omar,Brown,student1576@university.com,Male,22,Business,97.53,86.5,87.53,92.3,97.1,96.35,83.97,89.17,A,21,No,Yes,PhD,Medium,8,8.7,Excellent
S2577,Sara,Brown,student1577@university.com,Male,24,Engineering,70.2,73.25,63.15,58.42,83.76,76.74,58.63,66.98,C,13,No,Yes,Master's,High,8,6.9,Average
S2578,Emma,Davis,student1578@university.com,Female,23,Engineering,66.53,68.27,59.31,68.54,70.02,64.02,62.07,64.58,C,13,No,Yes,Master's,High,9,7.8,Average
S2579,John,Smith,student1579@university.com,Male,20,Mathematics,61.63,55.23,76.4,81.75,82.77,69.69,81.86,74.03,B,24,Yes,Yes,Bachelor's,Low,9,5.2,Good
S2580,Maria,Smith,student1580@university.com,Female,19,CS,97.8,82.36,94.95,99.79,90.38,97.44,100.0,93.96,A,26,No,Yes,,Medium,1,7.8,Excellent
S2581,Sara,Johnson,student1581@university.com,Female,21,CS,68.65,79.45,71.83,77.1,77.83,77.71,79.73,76.91,B,19,Yes,Yes,,Low,10,8.1,Good
S2582,Ahmed,Smith,student1582@university.com,Female,23,Business,84.28,77.27,77.34,77.98,79.32,73.4,91.58,80.07,B,17,Yes,Yes,Bachelor's,Low,7,6.2,Good
S2583,Liam,Johnson,student1583@university.com,Male,20,CS,88.82,72.21,76.93,80.14,86.32,88.22,85.13,80.18,B,16,No,Yes,PhD,High,1,6.9,Good
S2584,Emma,Jones,student1584@university.com,Female,20,Mathematics,74.35,25.5,39.6,42.99,37.64,50.49,48.09,39.88,F,8,No,Yes,Master's,Medium,6,8.9,Poor
S2585,Sara,Johnson,student1585@university.com,Male,18,Business,100.0,87.72,88.83,83.02,96.93,100.0,85.17,88.93,A,26,No,Yes,High School,Low,5,8.2,Excellent
S2586,Ali,Smith,student1586@university.com,Male,23,Business,76.16,63.29,64.49,77.92,70.76,70.21,68.79,68.32,C,8,No,Yes,,Low,2,6.2,Average
S2587,Ali,Davis,student1587@university.com,Male,21,CS,73.77,86.82,77.32,74.59,76.0,79.8,76.19,78.7,B,16,No,No,Master's,High,3,7.3,Good
S2588,Omar,Jones,student1588@university.com,Male,24,Engineering,83.79,81.01,73.41,70.27,77.32,82.79,78.14,76.73,B,11,No,No,,Medium,8,7.9,Good
S2589,Liam,Smith,student1589@university.com,Female,22,Engineering,74.79,64.85,62.64,70.18,63.95,73.31,66.61,66.2,C,10,No,Yes,PhD,Medium,2,4.1,Average
S2590,Maria,Johnson,student1590@university.com,Female,24,Engineering,68.6,67.5,58.05,52.38,52.85,77.7,45.32,57.99,C,14,Yes,Yes,PhD,Low,4,6.9,Average
S2591,John,Williams,student1591@university.com,Female,20,Engineering,50.0,39.07,41.82,40.95,41.29,36.47,45.31,41.25,D,8,Yes,Yes,Bachelor's,High,3,8.9,Poor
S2592,Maria,Brown,student1592@university.com,Female,20,Mathematics,97.53,97.12,90.6,91.33,83.07,92.38,91.08,91.53,A,21,Yes,Yes,Bachelor's,Medium,7,8.7,Excellent
S2593,Maria,Smith,student1593@university.com,Male,19,Business,100.0,86.15,90.86,94.55,94.69,91.89,85.33,89.85,A,27,No,Yes,,Medium,8,8.2,Excellent
S2594,Maria,Johnson,student1594@university.com,Male,24,Engineering,70.91,59.86,60.3,71.95,59.0,71.94,66.28,64.19,C,9,Yes,Yes,,Low,4,4.5,Average
S2595,Liam,Jones,student1595@university.com,Male,18,Mathematics,95.04,52.66,72.21,91.63,72.35,73.84,78.72,72.69,B,17,Yes,Yes,Master's,Medium,6,9.0,Good
S2596,Maria,Smith,student1596@university.com,Male,20,Business,87.86,82.13,74.39,85.97,82.89,80.17,80.3,80.28,B,10,No,Yes,Bachelor's,Medium,3,7.0,Good
S2597,Ahmed,Smith,student1597@university.com,Female,20,CS,91.15,92.85,91.55,84.71,100.0,92.98,91.08,91.68,A,23,Yes,No,PhD,Medium,7,5.1,Excellent
S2598,Liam,Brown,student1598@university.com,Male,22,CS,93.59,100.0,91.6,96.7,82.25,100.0,97.97,95.22,A,25,No,Yes,Master's,Medium,8,7.4,Excellent
S2599,Ahmed,Johnson,student1599@university.com,Female,22,Mathematics,50.0,39.85,42.6,64.73,32.04,41.46,40.72,43.82,D,11,Yes,Yes,Master's,Low,7,8.3,Poor
S2600,Liam,Williams,student1600@university.com,Male,19,Business,90.88,84.09,90.15,93.1,81.3,93.0,94.11,89.57,A,26,No,Yes,High School,Medium,4,4.6,Excellent
S2601,Omar,Jones,student1601@university.com,Male,23,Engineering,86.28,76.39,76.47,86.96,86.17,78.48,80.46,80.0,B,20,No,Yes,PhD,Medium,10,8.6,Good
S2602,Sara,Johnson,student1602@university.com,Male,19,Business,98.23,90.07,89.06,92.95,88.78,95.58,98.49,92.36,A,27,No,Yes,Master's,High,9,8.6,Excellent
S2603,Ali,Jones,student1603@university.com,Male,19,Engineering,65.52,82.34,76.34,79.08,79.91,75.49,87.61,80.48,B,17,Yes,Yes,High School,Low,10,4.1,Good
S2604,Maria,Smith,student1604@university.com,Female,22,Mathematics,91.9,64.94,78.34,85.18,92.0,91.6,90.16,81.74,B,25,No,Yes,Bachelor's,Medium,8,8.5,Good
S2605,Omar,Brown,student1605@university.com,Female,24,Engineering,96.78,65.79,72.43,74.14,83.85,84.69,90.49,77.34,B,16,Yes,Yes,PhD,High,6,8.7,Good
S2606,Sara,Brown,student1606@university.com,Female,24,Mathematics,100.0,100.0,95.02,92.12,85.19,91.83,80.72,91.42,A,29,Yes,Yes,Bachelor's,Low,2,4.2,Excellent
S2607,Ali,Davis,student1607@university.com,Female,24,Business,67.9,53.88,52.68,63.18,60.76,57.32,50.96,55.42,D,8,No,Yes,High School,Medium,10,5.5,Average
S2608,Emma,Williams,student1608@university.com,Male,23,Business,98.63,88.06,95.05,93.11,97.15,93.48,92.85,92.97,A,26,Yes,No,PhD,High,7,5.9,Excellent
S2609,John,Brown,student1609@university.com,Male,22,Engineering,95.02,74.31,73.44,80.58,81.29,75.23,87.58,78.48,B,15,Yes,Yes,,Low,9,5.7,Good
S2610,Ahmed,Smith,student1610@university.com,Female,18,Business,50.0,41.94,40.89,51.42,34.54,44.82,46.63,43.59,D,6,Yes,Yes,,Medium,9,7.8,Poor
S2611,Emma,Williams,student1611@university.com,Female,21,Engineering,74.96,53.2,58.4,72.51,54.63,63.71,75.98,63.15,C,5,No,Yes,,High,9,5.8,Average
S2612,Liam,Johnson,student1612@university.com,Male,21,Business,65.12,68.28,69.31,76.4,80.37,84.15,74.94,73.88,C,19,Yes,Yes,Master's,Low,9,8.8,Average
S2613,Ali,Brown,student1613@university.com,Male,18,CS,73.99,76.91,77.7,92.94,78.22,92.89,72.98,80.46,B,13,Yes,Yes,,High,6,9.0,Good
S2614,Emma,Williams,student1614@university.com,Female,24,Engineering,72.32,85.13,79.58,90.54,73.31,79.24,72.99,80.36,B,20,Yes,Yes,Master's,High,1,5.6,Good
S2615,John,Smith,student1615@university.com,Female,21,Mathematics,75.34,63.78,53.06,65.08,48.8,78.12,60.97,60.67,D,4,Yes,Yes,Master's,Medium,6,6.5,Average
S2616,Omar,Davis,student1616@university.com,Female,23,CS,50.0,38.09,40.09,47.91,43.27,41.55,49.95,43.3,D,5,Yes,Yes,High School,High,5,6.8,Poor
S2617,Ali,Jones,student1617@university.com,Male,22,Mathematics,50.0,62.91,57.93,66.85,60.58,54.81,54.46,59.52,C,13,Yes,Yes,,Medium,7,6.9,Average
S2618,Emma,Jones,student1618@university.com,Female,21,Business,86.19,82.97,75.62,85.06,79.84,69.2,73.84,77.93,B,18,No,Yes,PhD,Medium,8,5.9,Good
S2619,Ahmed,Smith,student1619@university.com,Female,23,CS,79.82,60.22,55.12,67.95,60.09,65.97,59.89,60.6,C,8,No,Yes,Master's,High,1,4.8,Average
S2620,Ahmed,Smith,student1620@university.com,Female,22,Business,83.7,70.02,72.73,75.37,75.91,87.96,79.75,75.83,B,13,No,Yes,High School,High,10,4.3,Good
S2621,Sara,Jones,student1621@university.com,Female,23,Engineering,86.86,93.93,93.64,88.74,89.5,100.0,94.54,93.36,A,19,No,Yes,Master's,High,4,4.5,Excellent
S2622,Emma,Davis,student1622@university.com,Female,18,Mathematics,80.05,77.61,77.91,72.72,81.89,82.25,80.99,78.52,B,24,Yes,Yes,PhD,High,4,8.5,Good
S2623,Maria,Williams,student1623@university.com,Male,19,Business,50.0,68.43,47.67,42.21,43.53,40.97,42.4,48.87,D,1,Yes,No,PhD,Low,1,5.4,Poor
S2624,Emma,Jones,student1624@university.com,Female,18,Mathematics,94.81,84.32,88.37,94.03,87.4,82.11,94.22,88.86,A,29,Yes,Yes,,Medium,4,4.4,Excellent
S2625,Omar,Smith,student1625@university.com,Male,21,Mathematics,79.43,64.98,56.34,53.17,42.16,59.24,60.0,57.2,C,9,Yes,Yes,Master's,High,7,7.1,Average
S2626,Ali,Brown,student1626@university.com,Female,22,Business,100.0,95.67,92.78,85.38,94.83,98.6,81.91,90.86,A,25,No,Yes,PhD,Low,6,4.4,Excellent
S2627,Ali,Johnson,student1627@university.com,Female,23,Engineering,90.74,80.35,76.17,74.81,85.65,74.88,84.99,79.39,B,14,No,Yes,Bachelor's,High,4,4.4,Good
S2628,Omar,Davis,student1628@university.com,Female,21,Mathematics,88.88,99.92,94.16,93.16,93.27,87.36,100.0,95.56,A,28,Yes,Yes,PhD,Low,2,7.1,Excellent
S2629,Emma,Davis,student1629@university.com,Male,21,Business,92.63,72.03,79.48,76.29,82.73,88.17,72.37,77.28,B,22,Yes,Yes,PhD,Medium,7,7.0,Good
S2630,Omar,Brown,student1630@university.com,Male,19,Engineering,61.46,54.5,62.83,77.79,48.35,60.0,68.83,62.88,C,11,Yes,Yes,Master's,High,8,4.2,Average
S2631,John,Brown,student1631@university.com,Male,24,Business,67.25,70.05,75.89,78.88,82.99,80.63,81.39,77.45,B,21,No,Yes,PhD,Low,9,6.3,Good
S2632,Liam,Smith,student1632@university.com,Female,21,Engineering,69.28,68.29,54.51,55.81,64.2,57.97,54.75,58.82,D,6,No,Yes,High School,Low,9,6.2,Average
S2633,Omar,Jones,student1633@university.com,Female,19,Mathematics,65.37,68.32,57.69,71.52,44.78,58.37,53.32,59.79,C,11,No,Yes,PhD,Medium,4,6.7,Average
S2634,Ahmed,Williams,student1634@university.com,Male,22,CS,50.0,37.58,44.16,39.1,53.0,16.95,57.37,42.89,D,4,Yes,Yes,Bachelor's,High,3,7.7,Poor
S2635,Omar,Davis,student1635@university.com,Male,22,Business,86.94,87.36,88.92,99.71,83.85,95.06,94.64,91.48,A,22,Yes,No,PhD,High,5,5.4,Excellent
S2636,Ali,Davis,student1636@university.com,Female,23,Mathematics,82.6,77.11,76.14,74.68,73.11,79.9,83.9,77.74,B,22,Yes,Yes,,Medium,6,6.2,Good
S2637,Ahmed,Brown,student1637@university.com,Male,24,Business,86.29,85.01,85.83,85.74,99.63,91.71,85.45,87.54,A,28,No,Yes,Master's,Medium,8,8.0,Excellent
S2638,Ali,Jones,student1638@university.com,Female,19,Business,83.13,36.59,37.1,42.46,38.41,50.13,43.2,40.46,F,5,No,No,Bachelor's,Medium,3,8.6,Poor
S2639,Sara,Davis,student1639@university.com,Male,18,Engineering,61.12,50.62,43.76,53.05,39.64,34.13,48.32,46.06,D,3,No,Yes,High School,Low,6,8.5,Poor
S2640,Maria,Williams,student1640@university.com,Male,22,Business,80.59,79.0,83.99,87.42,90.42,87.13,91.18,85.9,B,20,Yes,Yes,PhD,Low,5,6.4,Good
S2641,Ali,Brown,student1641@university.com,Male,24,Engineering,56.59,72.71,61.6,57.83,56.12,78.9,57.2,63.56,C,16,No,Yes,PhD,Medium,7,6.6,Average
S2642,Ahmed,Williams,student1642@university.com,Female,23,Mathematics,96.06,85.18,80.22,82.59,77.73,79.37,81.69,81.53,B,18,Yes,Yes,High School,High,9,6.6,Good
S2643,Sara,Jones,student1643@university.com,Female,18,Business,68.47,79.34,58.56,57.82,59.84,62.02,56.32,62.63,C,11,Yes,Yes,PhD,Low,7,8.3,Average
S2644,Ali,Davis,student1644@university.com,Male,22,Mathematics,63.04,51.54,82.6,100.0,92.32,100.0,92.33,83.66,B,30,Yes,No,,Medium,6,8.2,Good
S2645,John,Johnson,student1645@university.com,Female,22,CS,76.98,66.25,62.11,57.06,55.61,67.26,68.65,63.35,C,11,No,No,Bachelor's,Low,9,5.6,Average
S2646,Omar,Davis,student1646@university.com,Female,23,Mathematics,97.67,90.03,92.03,88.82,92.01,100.0,97.1,92.96,A,28,No,Yes,PhD,Low,10,4.8,Excellent
S2647,Maria,Jones,student1647@university.com,Female,23,Business,82.08,59.03,61.38,60.93,54.02,64.0,61.62,60.42,C,8,No,Yes,High School,Medium,4,5.9,Average
S2648,Ali,Davis,student1648@university.com,Female,20,CS,58.63,55.58,59.3,80.54,56.39,66.23,68.61,64.01,C,14,No,Yes,High School,High,1,5.4,Average
S2649,Sara,Davis,student1649@university.com,Male,21,Engineering,72.64,67.1,60.2,77.47,54.57,65.79,65.31,65.19,C,4,No,Yes,Bachelor's,High,8,8.8,Average
S2650,John,Smith,student1650@university.com,Female,21,CS,99.09,90.55,88.92,84.87,91.79,84.36,82.74,87.23,A,23,No,Yes,,Low,6,5.3,Excellent
S2651,Emma,Davis,student1651@university.com,Female,18,Business,100.0,72.07,77.04,87.63,79.97,87.23,79.0,79.34,B,15,Yes,Yes,Bachelor's,High,6,4.9,Good
S2652,Sara,Davis,student1652@university.com,Male,21,Business,77.64,88.47,75.93,79.63,68.07,84.9,81.89,80.3,B,14,No,Yes,PhD,High,5,8.5,Good
S2653,Omar,Williams,student1653@university.com,Female,18,Mathematics,75.68,77.85,72.98,82.1,63.18,88.32,77.03,76.69,B,21,No,Yes,,Medium,10,4.4,Good
S2654,Sara,Johnson,student1654@university.com,Female,24,Engineering,97.41,89.88,94.22,98.08,92.19,94.99,91.24,93.21,A,23,Yes,Yes,,Medium,3,5.3,Excellent
S2655,John,Williams,student1655@university.com,Female,22,Business,53.63,31.47,39.25,51.1,38.56,40.34,55.89,42.84,F,5,No,Yes,High School,Medium,6,6.2,Poor
S2656,Sara,Williams,student1656@university.com,Male,20,Business,74.17,79.23,79.68,82.58,80.1,87.4,76.53,80.21,B,21,No,Yes,,High,1,7.0,Good
S2657,John,Brown,student1657@university.com,Male,20,Engineering,76.14,79.51,81.33,74.56,85.84,71.81,84.71,80.13,B,25,Yes,Yes,PhD,High,7,5.6,Good
S2658,Ali,Smith,student1658@university.com,Female,22,Engineering,89.42,68.73,72.49,86.91,77.51,79.8,81.11,76.86,B,14,No,Yes,PhD,Medium,6,6.5,Good
S2659,Liam,Williams,student1659@university.com,Female,23,Mathematics,78.22,73.11,78.55,83.9,67.76,78.49,98.24,81.12,B,22,Yes,Yes,PhD,High,5,5.0,Good
S2660,John,Jones,student1660@university.com,Male,19,CS,89.89,57.31,63.95,69.07,65.23,74.03,63.4,64.42,C,7,Yes,Yes,Master's,Medium,3,6.9,Average
S2661,John,Jones,student1661@university.com,Male,19,Engineering,81.98,79.41,78.28,81.47,71.27,80.28,80.97,79.02,B,27,Yes,No,,Low,8,6.0,Good
S2662,Maria,Davis,student1662@university.com,Male,21,Business,50.0,31.61,42.54,56.79,48.56,39.86,36.35,41.59,D,3,No,Yes,,Low,4,8.2,Poor
S2663,John,Brown,student1663@university.com,Female,23,Engineering,90.5,67.29,73.58,73.98,69.11,90.08,83.71,75.61,B,20,Yes,No,PhD,High,9,6.1,Good
S2664,John,Smith,student1664@university.com,Female,18,Business,50.0,41.67,43.78,59.61,33.89,41.07,52.47,46.21,D,14,No,Yes,High School,High,9,6.2,Poor
S2665,Emma,Smith,student1665@university.com,Male,24,Mathematics,56.56,40.29,40.0,46.42,52.57,49.15,45.38,44.27,D,0,Yes,Yes,,High,5,7.0,Poor
S2666,Liam,Davis,student1666@university.com,Female,20,CS,88.06,87.22,97.25,94.59,92.22,100.0,91.4,93.45,A,28,No,Yes,Master's,High,7,4.6,Excellent
S2667,Ali,Jones,student1667@university.com,Female,21,Mathematics,56.38,54.36,43.82,53.98,38.36,50.44,79.29,54.66,D,1,Yes,Yes,,Low,6,4.8,Poor
S2668,Omar,Johnson,student1668@university.com,Female,22,Engineering,100.0,87.07,91.55,95.13,81.98,95.85,93.9,91.13,A,28,No,No,Bachelor's,Medium,6,8.0,Excellent
S2669,Maria,Brown,student1669@university.com,Female,23,Business,52.7,68.92,57.7,47.7,67.37,70.64,67.05,62.58,C,6,No,Yes,Master's,Low,4,5.4,Average
S2670,Emma,Davis,student1670@university.com,Female,20,Engineering,83.82,71.0,77.78,67.91,77.98,77.21,95.75,78.5,B,23,No,Yes,High School,Medium,10,7.4,Good
S2671,Ahmed,Brown,student1671@university.com,Female,18,Engineering,52.38,24.31,33.53,39.7,40.97,30.92,40.78,34.54,F,4,No,Yes,Master's,High,8,4.5,Poor
S2672,Liam,Jones,student1672@university.com,Female,18,Engineering,67.34,22.26,36.51,48.78,44.8,45.4,51.13,40.14,F,4,No,Yes,Master's,Medium,10,8.1,Poor
S2673,Ali,Jones,student1673@university.com,Male,19,Engineering,68.05,63.33,61.16,74.25,69.01,63.08,71.14,66.53,C,10,No,No,,Medium,3,8.9,Average
S2674,Ali,Johnson,student1674@university.com,Male,21,CS,55.53,58.21,56.83,63.55,70.73,65.74,66.08,62.24,C,8,No,Yes,Master's,Medium,5,5.9,Average
S2675,Ahmed,Johnson,student1675@university.com,Male,22,Business,85.85,76.55,70.98,75.03,78.13,79.42,80.48,76.16,B,14,No,Yes,PhD,Medium,1,6.5,Good
S2676,Omar,Smith,student1676@university.com,Male,20,Engineering,97.0,88.01,92.97,92.39,95.92,96.28,88.69,91.66,A,30,No,Yes,Master's,Low,1,6.2,Excellent
S2677,John,Brown,student1677@university.com,Male,24,Business,88.97,83.5,82.56,83.29,82.35,90.64,86.45,84.42,B,22,Yes,Yes,,High,9,8.5,Good
S2678,Emma,Brown,student1678@university.com,Male,18,CS,99.13,84.59,84.06,84.49,90.79,95.34,89.28,87.08,B,19,Yes,Yes,PhD,High,4,4.0,Good
S2679,Sara,Jones,student1679@university.com,Male,20,Business,64.12,57.72,57.82,61.12,46.91,76.96,54.13,58.38,C,13,Yes,Yes,High School,Medium,9,7.3,Average
S2680,Maria,Smith,student1680@university.com,Male,22,Business,87.83,81.88,74.89,73.35,82.09,83.74,94.0,81.48,B,17,Yes,Yes,Bachelor's,High,7,7.3,Good
S2681,Sara,Davis,student1681@university.com,Male,20,CS,61.78,31.43,38.92,37.56,31.74,53.71,45.18,39.23,F,9,Yes,Yes,Master's,Low,10,5.9,Poor
S2682,Ahmed,Brown,student1682@university.com,Female,21,Engineering,62.45,43.13,61.25,75.23,60.44,68.48,58.37,59.79,C,11,No,Yes,PhD,Medium,8,5.1,Average
S2683,Ali,Smith,student1683@university.com,Female,19,Business,62.19,81.08,61.12,73.03,70.12,63.46,60.2,67.85,C,8,Yes,Yes,PhD,High,9,5.2,Average
S2684,Omar,Smith,student1684@university.com,Male,20,Mathematics,96.81,79.74,90.12,88.38,87.2,94.12,92.66,88.4,A,24,Yes,Yes,High School,High,1,8.0,Excellent
S2685,Ali,Jones,student1685@university.com,Female,23,Business,65.91,34.19,36.48,25.37,34.25,30.28,49.66,36.15,F,7,Yes,Yes,High School,Medium,7,4.3,Poor
S2686,Maria,Smith,student1686@university.com,Female,19,Engineering,83.49,96.54,50.75,43.66,34.78,32.53,29.93,51.26,D,4,Yes,Yes,Bachelor's,Low,8,6.8,Average
S2687,Ali,Johnson,student1687@university.com,Male,22,Mathematics,82.56,70.52,66.31,75.04,72.8,82.26,86.4,74.72,C,8,No,Yes,Bachelor's,Medium,2,5.5,Average
S2688,Ali,Johnson,student1688@university.com,Male,19,Engineering,70.66,60.49,58.43,63.75,58.2,59.98,66.74,61.43,C,9,No,No,,Medium,10,5.3,Average
S2689,Maria,Williams,student1689@university.com,Male,20,Business,78.27,65.3,67.66,61.56,56.11,76.04,69.47,66.32,C,14,Yes,Yes,Bachelor's,High,9,6.5,Average
S2690,Emma,Jones,student1690@university.com,Female,20,CS,100.0,92.63,91.66,96.64,82.1,96.02,91.09,91.97,A,27,Yes,No,Bachelor's,High,1,8.5,Excellent
S2691,Emma,Davis,student1691@university.com,Female,23,Engineering,82.95,34.09,64.91,82.24,79.01,84.73,73.89,66.53,C,17,Yes,Yes,PhD,Medium,3,7.1,Average
S2692,Maria,Williams,student1692@university.com,Male,18,Engineering,78.16,79.69,77.52,75.65,74.49,89.04,73.69,77.76,B,17,Yes,Yes,Master's,Medium,9,7.9,Good
S2693,Omar,Johnson,student1693@university.com,Female,23,CS,100.0,86.14,89.37,87.57,90.53,87.47,86.96,87.9,A,26,No,Yes,Master's,High,1,7.0,Excellent
S2694,Ahmed,Williams,student1694@university.com,Female,20,Business,91.84,73.52,69.33,82.51,81.4,87.97,79.24,77.2,C,9,No,Yes,Bachelor's,Medium,4,7.5,Average
S2695,Liam,Jones,student1695@university.com,Female,24,Engineering,91.88,84.72,88.74,92.82,91.65,90.44,93.3,89.92,A,24,No,Yes,,Low,10,6.2,Excellent
S2696,Ali,Jones,student1696@university.com,Male,19,Business,94.87,95.12,93.99,96.54,85.01,89.71,89.94,92.46,A,23,Yes,Yes,,Medium,6,8.6,Excellent
S2697,Omar,Smith,student1697@university.com,Female,23,Business,80.9,95.2,92.1,93.74,92.03,88.67,97.84,93.76,A,27,No,Yes,Master's,Low,6,6.5,Excellent
S2698,Ali,Brown,student1698@university.com,Female,23,Business,59.07,49.34,40.54,40.68,52.73,39.37,45.62,44.44,D,14,Yes,Yes,High School,Medium,4,6.8,Poor
S2699,Liam,Smith,student1699@university.com,Female,24,CS,90.75,86.07,80.0,84.21,72.52,82.86,75.12,80.41,B,18,No,Yes,PhD,Medium,10,6.6,Good
S2700,Ahmed,Jones,student1700@university.com,Female,24,Business,55.33,28.75,35.36,45.81,31.51,41.51,36.41,36.05,F,7,No,Yes,Bachelor's,Medium,10,5.6,Poor
S2701,Emma,Johnson,student1701@university.com,Female,24,Business,77.81,99.13,78.68,77.65,79.22,86.18,73.36,82.36,B,23,Yes,No,PhD,High,10,5.2,Good
S2702,Omar,Davis,student1702@university.com,Female,18,Mathematics,70.83,81.44,70.13,80.35,81.84,84.71,84.52,79.43,B,11,No,Yes,Bachelor's,High,10,4.4,Good
S2703,John,Johnson,student1703@university.com,Female,20,Mathematics,87.45,84.03,78.97,70.97,80.41,79.89,74.02,78.03,B,18,No,Yes,Bachelor's,High,1,7.6,Good
S2704,John,Smith,student1704@university.com,Male,20,Mathematics,90.59,90.66,79.81,76.25,86.64,84.11,76.03,81.8,B,20,Yes,Yes,Master's,High,5,5.4,Good
S2705,Liam,Davis,student1705@university.com,Male,22,Engineering,93.88,90.18,87.82,93.33,87.02,90.87,95.8,90.94,A,24,No,Yes,PhD,High,5,5.9,Excellent
S2706,John,Jones,student1706@university.com,Female,18,Engineering,67.97,64.24,60.62,67.12,48.57,75.29,65.97,63.65,C,11,No,Yes,PhD,High,3,8.6,Average
S2707,Emma,Johnson,student1707@university.com,Male,22,Mathematics,99.42,91.18,91.44,95.84,92.69,98.59,98.75,94.35,A,24,Yes,Yes,High School,Medium,3,6.8,Excellent
S2708,Liam,Jones,student1708@university.com,Female,22,CS,60.55,30.38,50.25,78.34,58.1,61.22,51.11,52.54,D,10,No,Yes,High School,Low,4,4.5,Average
S2709,Emma,Davis,student1709@university.com,Female,22,CS,65.65,49.88,55.14,68.63,56.01,86.52,60.45,60.4,C,6,Yes,Yes,PhD,High,3,8.0,Average
S2710,Ahmed,Davis,student1710@university.com,Female,21,Mathematics,98.13,96.39,90.69,90.14,86.38,98.53,85.1,90.98,A,30,Yes,Yes,High School,High,3,5.3,Excellent
S2711,Ali,Johnson,student1711@university.com,Male,22,Engineering,97.2,92.83,93.57,95.19,94.35,100.0,98.05,95.28,A,27,Yes,Yes,High School,Medium,3,6.8,Excellent
S2712,Ahmed,Jones,student1712@university.com,Female,23,Engineering,74.01,54.91,53.87,71.21,51.96,62.06,40.34,54.6,D,7,Yes,No,Bachelor's,High,7,6.5,Average
S2713,Ahmed,Williams,student1713@university.com,Female,19,CS,99.74,84.67,83.06,82.34,84.74,75.5,86.23,83.32,B,21,Yes,Yes,Master's,Medium,9,5.2,Good
S2714,Emma,Jones,student1714@university.com,Male,23,Business,95.16,83.48,84.9,92.85,87.38,98.81,84.47,87.36,B,19,Yes,Yes,Bachelor's,High,1,4.6,Good
S2715,Liam,Davis,student1715@university.com,Male,23,CS,50.0,32.96,42.86,51.42,45.05,40.51,46.7,42.92,D,3,Yes,Yes,High School,Low,8,5.1,Poor
S2716,Liam,Jones,student1716@university.com,Female,20,Business,84.56,86.59,88.95,88.7,93.0,90.7,88.98,89.03,A,24,Yes,Yes,Bachelor's,High,10,4.5,Excellent
S2717,John,Smith,student1717@university.com,Male,21,Engineering,86.72,53.3,60.87,65.63,52.39,65.84,63.84,60.31,C,11,Yes,Yes,Bachelor's,High,1,5.4,Average
S2718,Sara,Williams,student1718@university.com,Male,22,Engineering,71.19,21.6,29.88,32.35,40.55,30.7,15.32,26.83,F,7,Yes,Yes,,Medium,9,9.0,Poor
S2719,Ali,Brown,student1719@university.com,Female,20,Mathematics,90.4,92.6,92.9,88.96,92.14,91.48,93.02,92.06,A,29,Yes,Yes,Bachelor's,High,8,6.0,Excellent
S2720,Emma,Smith,student1720@university.com,Female,18,Engineering,98.67,82.15,90.75,98.16,90.19,92.55,92.84,90.68,A,29,Yes,Yes,Bachelor's,Medium,6,8.3,Excellent
S2721,John,Brown,student1721@university.com,Female,18,Business,99.54,91.57,95.26,87.55,90.28,100.0,98.74,94.04,A,27,Yes,Yes,Master's,Low,6,6.7,Excellent
S2722,Omar,Johnson,student1722@university.com,Male,20,CS,79.28,82.2,74.72,86.95,75.26,73.87,80.41,79.16,B,13,No,Yes,PhD,High,10,7.3,Good
S2723,Sara,Brown,student1723@university.com,Male,19,Mathematics,85.78,86.4,88.37,100.0,90.68,96.81,85.89,90.3,A,22,Yes,Yes,,Medium,7,4.8,Excellent
S2724,Sara,Jones,student1724@university.com,Male,20,Business,94.0,27.56,52.95,67.67,64.79,70.91,60.27,54.52,D,7,Yes,Yes,,Low,8,5.4,Average
S2725,Emma,Brown,student1725@university.com,Female,20,CS,100.0,97.03,90.04,94.21,81.05,91.26,83.08,89.89,A,24,Yes,No,,Low,7,6.6,Excellent
S2726,Maria,Davis,student1726@university.com,Male,21,CS,85.75,64.63,80.71,82.25,74.78,73.1,90.07,78.24,B,16,No,No,,Medium,1,8.4,Good
S2727,Ali,Smith,student1727@university.com,Male,18,CS,55.26,36.01,31.36,29.87,26.95,52.85,40.26,35.55,F,0,Yes,Yes,Master's,Medium,10,4.2,Poor
S2728,Sara,Smith,student1728@university.com,Female,18,Engineering,67.69,51.46,59.49,69.88,63.02,79.03,75.74,65.0,C,11,No,Yes,PhD,High,4,6.5,Average
S2729,Emma,Brown,student1729@university.com,Female,22,CS,84.45,59.47,66.81,81.44,69.19,66.36,66.6,67.69,C,12,Yes,Yes,Master's,Low,4,4.3,Average
S2730,Emma,Smith,student1730@university.com,Female,23,Engineering,95.82,87.35,78.51,66.84,80.77,78.91,90.54,81.2,B,18,No,Yes,,Low,9,6.3,Good
S2731,John,Davis,student1731@university.com,Male,20,CS,67.85,74.29,67.27,79.26,60.6,84.78,64.75,71.05,C,13,No,Yes,PhD,Medium,9,7.1,Average
S2732,Omar,Smith,student1732@university.com,Female,20,CS,85.89,87.66,74.7,80.51,86.46,82.12,69.83,79.11,B,15,No,Yes,Master's,Low,3,7.7,Good
S2733,Maria,Brown,student1733@university.com,Male,19,Engineering,69.42,32.87,69.92,84.18,86.83,87.45,86.54,71.42,C,21,No,No,PhD,Medium,9,4.7,Average
S2734,Ali,Williams,student1734@university.com,Male,24,Engineering,96.48,99.84,94.94,88.56,99.0,92.25,87.74,93.66,A,27,No,Yes,Master's,High,5,4.8,Excellent
S2735,Liam,Williams,student1735@university.com,Female,24,Business,50.0,49.12,35.06,35.38,44.35,33.14,30.11,37.67,F,2,Yes,Yes,PhD,Medium,6,6.4,Poor
S2736,Ahmed,Johnson,student1736@university.com,Female,18,CS,89.4,81.13,77.82,86.91,69.16,84.11,72.94,78.63,B,15,Yes,Yes,Master's,High,7,9.0,Good
S2737,Omar,Smith,student1737@university.com,Female,19,Engineering,99.73,84.74,84.6,96.0,87.07,93.42,80.9,86.73,B,27,Yes,No,,Medium,3,5.8,Good
S2738,Omar,Brown,student1738@university.com,Female,21,Business,100.0,78.03,73.78,70.83,85.26,78.0,77.28,76.46,B,15,No,Yes,,High,4,6.1,Good
S2739,John,Smith,student1739@university.com,Female,22,Business,86.9,82.45,78.63,83.37,80.34,83.69,82.26,81.51,B,17,No,Yes,,Low,5,6.2,Good
S2740,Liam,Jones,student1740@university.com,Male,19,Engineering,52.15,48.84,51.73,54.5,68.17,71.58,70.59,58.97,D,9,No,Yes,Master's,Medium,1,4.4,Average
S2741,Sara,Davis,student1741@university.com,Male,18,CS,65.23,47.05,46.46,64.42,52.07,59.15,55.06,52.82,D,7,No,Yes,PhD,Medium,8,7.9,Poor
S2742,Sara,Smith,student1742@university.com,Male,21,Business,69.45,42.98,55.78,70.6,77.76,69.85,63.38,60.57,C,8,Yes,Yes,PhD,Medium,7,5.3,Average
S2743,John,Smith,student1743@university.com,Female,20,CS,98.59,90.45,91.24,91.81,85.79,100.0,84.56,90.16,A,24,No,Yes,High School,High,2,7.5,Excellent
S2744,Emma,Williams,student1744@university.com,Male,21,CS,77.0,89.4,80.23,82.05,75.84,80.51,80.24,81.93,B,14,Yes,Yes,Bachelor's,Medium,7,6.4,Good
S2745,Sara,Davis,student1745@university.com,Female,23,Business,84.04,67.29,71.48,74.46,78.56,83.8,68.12,72.36,B,20,No,Yes,,Medium,9,7.1,Good
S2746,Maria,Brown,student1746@university.com,Female,19,Engineering,95.87,89.19,93.39,88.83,87.94,92.3,88.82,90.3,A,30,No,Yes,,Low,5,4.3,Excellent
S2747,Ali,Smith,student1747@university.com,Male,18,CS,68.4,73.54,74.57,78.09,77.69,77.88,86.59,77.94,B,15,No,Yes,,Medium,6,8.4,Good
S2748,Omar,Williams,student1748@university.com,Male,19,Mathematics,72.11,68.55,62.82,62.65,53.43,68.53,72.25,65.46,C,6,No,Yes,High School,Medium,5,5.2,Average
S2749,Omar,Johnson,student1749@university.com,Female,20,Engineering,95.56,92.28,85.97,89.99,93.73,100.0,78.97,88.61,A,19,No,Yes,High School,Medium,1,7.4,Excellent
S2750,Maria,Davis,student1750@university.com,Male,24,Business,76.44,95.57,78.32,77.19,82.48,81.79,75.18,81.74,B,24,Yes,Yes,High School,Medium,6,8.0,Good
S2751,Liam,Williams,student1751@university.com,Female,20,Mathematics,93.56,94.78,91.0,100.0,90.28,96.44,90.66,93.51,A,21,No,Yes,,Low,7,6.7,Excellent
S2752,Sara,Williams,student1752@university.com,Male,18,CS,100.0,90.42,88.1,88.05,92.21,95.85,93.44,90.81,A,24,Yes,Yes,PhD,Medium,5,5.7,Excellent
S2753,Omar,Williams,student1753@university.com,Male,23,Engineering,96.15,93.78,89.98,100.0,96.53,100.0,90.47,94.0,A,21,Yes,Yes,,Medium,3,8.9,Excellent
S2754,Ahmed,Smith,student1754@university.com,Male,22,Mathematics,74.62,44.99,42.61,47.74,40.23,50.27,32.92,42.45,D,7,No,Yes,High School,Low,6,5.4,Poor
S2755,Liam,Smith,student1755@university.com,Male,21,Engineering,71.44,61.43,60.2,63.81,63.84,77.17,65.81,64.17,C,10,No,Yes,High School,High,7,8.7,Average
S2756,Ali,Johnson,student1756@university.com,Male,21,CS,68.64,57.82,45.27,41.31,39.7,54.63,46.47,47.8,D,2,No,Yes,Bachelor's,High,10,4.8,Poor
S2757,Ali,Jones,student1757@university.com,Female,20,Engineering,78.08,76.77,77.83,88.91,73.94,81.09,81.54,79.96,B,16,No,Yes,Master's,Low,10,5.9,Good
S2758,Omar,Jones,student1758@university.com,Male,19,Mathematics,95.56,90.56,91.41,92.23,96.4,100.0,87.72,91.98,A,27,No,Yes,Bachelor's,Low,9,4.7,Excellent
S2759,John,Jones,student1759@university.com,Male,24,Engineering,78.51,87.1,81.44,84.31,79.75,86.0,84.04,83.81,B,18,No,Yes,Bachelor's,High,7,4.0,Good
S2760,Liam,Davis,student1760@university.com,Male,19,Business,85.14,86.75,77.4,78.76,78.78,80.54,66.12,77.67,B,19,Yes,Yes,,Medium,3,5.3,Good
S2761,Omar,Davis,student1761@university.com,Female,23,Business,83.82,57.9,60.08,55.76,52.96,71.11,80.78,63.53,C,4,Yes,Yes,Master's,High,1,4.4,Average
S2762,John,Johnson,student1762@university.com,Female,22,Mathematics,65.74,38.75,73.4,88.68,87.09,92.69,95.53,76.49,B,24,No,No,Master's,Medium,7,8.9,Good
S2763,Omar,Davis,student1763@university.com,Female,19,Engineering,85.14,77.51,74.5,82.79,81.41,89.06,72.29,78.05,B,13,No,Yes,,Low,8,7.8,Good
S2764,Ahmed,Jones,student1764@university.com,Female,21,Mathematics,84.53,89.75,86.34,90.87,89.77,91.0,84.56,88.15,A,24,Yes,Yes,PhD,Low,1,4.0,Excellent
S2765,Liam,Jones,student1765@university.com,Female,24,Engineering,51.12,69.22,67.96,75.94,85.94,76.84,88.5,76.2,C,10,Yes,Yes,,Low,5,5.1,Average
S2766,Emma,Williams,student1766@university.com,Male,19,CS,90.19,62.74,58.21,61.8,36.71,53.44,71.2,59.63,C,13,Yes,Yes,PhD,High,8,7.4,Average
S2767,Ali,Davis,student1767@university.com,Male,24,Business,71.0,79.94,71.13,79.87,88.1,94.89,76.48,79.35,B,9,No,Yes,PhD,Low,10,6.0,Good
S2768,Omar,Smith,student1768@university.com,Male,22,CS,82.31,52.97,70.73,79.72,79.1,71.26,75.48,70.37,B,18,Yes,Yes,Master's,High,7,8.2,Good
S2769,Ahmed,Smith,student1769@university.com,Female,21,Engineering,89.29,75.61,71.66,73.78,73.29,89.25,81.47,76.65,B,14,No,Yes,,Medium,2,6.5,Good
S2770,John,Williams,student1770@university.com,Female,24,CS,86.66,77.74,83.48,76.86,72.8,84.09,99.71,83.58,B,28,No,Yes,,Medium,4,7.3,Good
S2771,John,Williams,student1771@university.com,Male,19,Mathematics,86.44,97.83,76.28,59.96,62.78,79.25,79.64,77.76,B,11,Yes,Yes,Master's,Medium,6,7.0,Good
S2772,Ali,Williams,student1772@university.com,Female,21,Mathematics,59.32,25.71,37.81,53.25,55.53,40.4,38.33,39.84,F,6,Yes,Yes,Bachelor's,Low,7,7.2,Poor
S2773,Maria,Smith,student1773@university.com,Female,20,Engineering,50.0,40.81,41.47,46.79,38.26,49.96,52.36,44.84,D,1,Yes,Yes,,Medium,7,5.2,Poor
S2774,Omar,Jones,student1774@university.com,Female,20,Business,66.69,59.97,59.48,70.89,61.18,59.85,67.09,63.02,C,13,No,Yes,High School,Low,3,5.9,Average
S2775,Liam,Williams,student1775@university.com,Male,23,Mathematics,87.82,80.0,74.79,78.11,79.39,89.89,76.58,78.66,B,17,No,Yes,High School,High,8,4.3,Good
S2776,Sara,Johnson,student1776@university.com,Male,20,Business,56.71,65.42,51.1,59.76,60.88,73.86,57.5,59.8,D,4,Yes,Yes,,Low,7,6.9,Average
S2777,John,Williams,student1777@university.com,Female,19,Engineering,87.92,70.98,77.89,83.57,69.56,80.21,83.71,77.92,B,16,No,Yes,PhD,Medium,4,6.3,Good
S2778,Liam,Brown,student1778@university.com,Female,22,Business,90.67,79.15,81.36,80.64,76.65,80.73,93.41,82.69,B,27,Yes,Yes,Master's,Low,10,7.8,Good
S2779,Liam,Williams,student1779@university.com,Female,21,Engineering,64.78,58.02,63.82,64.32,49.34,58.52,80.22,64.04,C,17,No,Yes,PhD,Low,4,5.0,Average
S2780,Emma,Smith,student1780@university.com,Female,24,CS,97.25,83.78,85.47,86.73,88.29,94.68,96.62,88.75,A,23,Yes,Yes,High School,High,4,6.2,Excellent
S2781,Liam,Davis,student1781@university.com,Male,18,Engineering,50.0,38.67,43.22,41.81,30.85,31.12,55.28,42.06,D,9,No,Yes,High School,Low,5,4.9,Poor
S2782,Liam,Williams,student1782@university.com,Female,20,CS,88.51,75.94,86.0,75.36,82.44,90.91,86.71,82.67,A,22,Yes,Yes,Master's,Medium,2,7.1,Excellent
S2783,Emma,Davis,student1783@university.com,Male,20,Engineering,78.45,48.27,52.86,60.83,52.71,74.8,61.93,57.13,D,12,No,Yes,High School,Low,9,8.2,Average
S2784,John,Brown,student1784@university.com,Male,18,Mathematics,62.17,55.1,53.14,60.3,70.35,58.8,66.0,59.46,D,8,No,Yes,Bachelor's,Low,6,7.8,Average
S2785,Liam,Johnson,student1785@university.com,Male,24,Mathematics,50.0,39.54,36.2,37.17,30.4,42.86,36.55,37.17,F,2,No,Yes,High School,Medium,8,8.7,Poor
S2786,Maria,Davis,student1786@university.com,Female,24,Business,70.22,95.87,75.61,72.55,72.05,59.19,82.2,78.52,B,14,Yes,Yes,PhD,Low,1,8.9,Good
S2787,Maria,Jones,student1787@university.com,Male,18,Engineering,76.7,56.23,57.68,58.03,54.04,64.58,69.64,60.16,C,6,No,Yes,PhD,High,6,7.9,Average
S2788,Ahmed,Williams,student1788@university.com,Male,24,Engineering,93.75,21.25,72.79,87.42,89.44,93.95,87.25,71.35,B,30,No,Yes,Bachelor's,Medium,6,5.4,Good
S2789,Emma,Brown,student1789@university.com,Female,19,Engineering,79.97,74.97,84.42,77.4,81.36,78.65,84.01,80.51,B,25,Yes,Yes,PhD,Medium,8,5.1,Good
S2790,Ahmed,Brown,student1790@university.com,Female,24,Business,88.66,91.72,89.21,88.9,87.06,92.43,98.86,91.7,A,22,Yes,Yes,PhD,Low,1,6.2,Excellent
S2791,Emma,Davis,student1791@university.com,Female,21,Mathematics,69.0,57.51,51.83,64.87,57.83,53.07,61.8,57.64,D,7,No,Yes,PhD,High,5,9.0,Average
S2792,Omar,Johnson,student1792@university.com,Male,24,Engineering,82.05,82.12,78.08,85.52,77.53,83.38,67.03,78.27,B,22,No,No,,High,3,6.1,Good
S2793,Omar,Smith,student1793@university.com,Female,20,Business,86.64,76.48,60.23,59.1,78.22,79.55,68.74,68.74,C,1,Yes,Yes,Bachelor's,Medium,6,5.0,Average
S2794,Liam,Williams,student1794@university.com,Male,22,Engineering,96.93,86.06,91.66,89.65,88.82,92.55,79.25,87.56,A,26,No,Yes,Bachelor's,Medium,9,8.7,Excellent
S2795,Sara,Brown,student1795@university.com,Male,19,CS,99.51,98.01,87.82,88.06,85.65,81.6,90.53,89.6,A,23,No,Yes,High School,Low,10,5.9,Excellent
S2796,Omar,Johnson,student1796@university.com,Female,19,Engineering,50.21,79.15,63.1,62.95,61.18,54.1,67.3,66.04,C,12,Yes,Yes,Bachelor's,Medium,3,7.5,Average
S2797,Sara,Jones,student1797@university.com,Male,24,CS,97.21,93.62,90.06,98.8,84.9,95.8,94.82,93.09,A,22,Yes,Yes,Master's,High,9,7.9,Excellent
S2798,Omar,Brown,student1798@university.com,Male,22,Business,94.78,78.04,84.52,93.73,89.24,92.17,95.82,88.1,B,21,Yes,Yes,Bachelor's,Low,9,8.2,Good
S2799,Ali,Johnson,student1799@university.com,Male,22,Business,94.09,80.34,83.48,86.36,100.0,98.61,92.94,88.34,B,24,No,Yes,Master's,Low,1,8.1,Good
S2800,Omar,Smith,student1800@university.com,Male,23,Mathematics,63.91,51.67,48.71,40.09,45.77,36.52,64.4,49.63,D,8,No,Yes,PhD,High,2,8.2,Poor
S2801,Ahmed,Smith,student1801@university.com,Female,22,Engineering,59.57,57.32,63.61,73.47,57.5,65.88,78.08,66.34,C,10,Yes,Yes,Master's,High,4,7.3,Average
S2802,John,Brown,student1802@university.com,Male,24,Business,95.21,80.63,78.67,83.12,75.3,94.52,72.23,79.69,B,22,Yes,Yes,,Medium,7,6.0,Good
S2803,Liam,Brown,student1803@university.com,Female,24,Mathematics,73.75,89.41,71.12,70.47,72.79,90.95,68.74,76.35,B,16,No,Yes,PhD,High,2,7.3,Good
S2804,Ahmed,Davis,student1804@university.com,Male,18,Engineering,88.29,79.15,81.36,89.55,76.89,78.35,81.87,81.5,B,19,Yes,Yes,Master's,Low,7,8.2,Good
S2805,John,Williams,student1805@university.com,Male,20,Business,66.77,60.58,54.99,49.36,52.66,76.36,66.5,59.47,D,14,No,Yes,PhD,Low,5,5.8,Average
S2806,Maria,Johnson,student1806@university.com,Female,23,CS,68.12,52.96,56.71,63.2,61.1,61.47,65.81,59.67,C,4,Yes,Yes,,High,10,5.5,Average
S2807,Ahmed,Brown,student1807@university.com,Male,24,Business,89.14,90.91,86.86,85.36,90.83,100.0,90.59,89.9,A,24,Yes,Yes,PhD,Medium,7,5.7,Excellent
S2808,Maria,Williams,student1808@university.com,Male,18,CS,94.23,85.84,89.47,94.97,89.26,100.0,97.81,92.27,A,27,No,Yes,PhD,Low,9,6.8,Excellent
S2809,Sara,Davis,student1809@university.com,Male,23,Mathematics,80.53,25.89,76.05,92.17,88.19,98.83,99.16,76.55,B,27,No,Yes,Bachelor's,Medium,9,4.3,Good
S2810,Sara,Williams,student1810@university.com,Male,20,Mathematics,74.25,88.09,66.13,69.41,50.89,78.61,79.44,73.4,C,8,Yes,Yes,High School,High,3,7.9,Average
S2811,Ali,Brown,student1811@university.com,Male,23,Engineering,75.51,66.9,60.37,69.41,58.38,55.0,67.45,63.71,C,12,No,Yes,Master's,Medium,3,4.7,Average
S2812,Omar,Smith,student1812@university.com,Male,18,Engineering,83.74,80.1,74.76,78.37,83.96,82.4,77.21,78.54,B,11,No,Yes,High School,Low,7,4.7,Good
S2813,Ahmed,Johnson,student1813@university.com,Female,21,Engineering,97.44,89.09,86.53,95.44,91.7,100.0,90.69,91.07,A,27,Yes,Yes,,High,5,5.0,Excellent
S2814,Maria,Johnson,student1814@university.com,Female,24,Mathematics,93.39,100.0,99.26,92.72,84.78,99.24,100.0,97.12,A,27,No,Yes,,Low,5,6.9,Excellent
S2815,John,Smith,student1815@university.com,Female,20,CS,60.5,52.29,45.06,55.17,41.26,33.02,44.19,46.26,D,7,No,Yes,PhD,Low,5,5.4,Poor
S2816,Sara,Brown,student1816@university.com,Male,19,Engineering,79.15,80.0,74.03,77.72,81.33,87.16,82.28,79.47,B,17,No,Yes,High School,High,9,5.8,Good
S2817,Omar,Johnson,student1817@university.com,Male,20,Engineering,76.07,69.58,55.45,53.94,43.25,77.06,69.09,61.72,C,5,No,Yes,Master's,Medium,4,8.7,Average
S2818,Sara,Brown,student1818@university.com,Male,20,Mathematics,66.04,67.9,62.45,67.2,47.33,76.39,66.27,64.9,C,8,Yes,Yes,Master's,High,6,8.2,Average
S2819,John,Davis,student1819@university.com,Female,20,CS,75.31,65.91,74.74,83.56,79.57,80.84,87.67,77.98,B,15,Yes,Yes,PhD,Low,6,8.3,Good
S2820,Omar,Brown,student1820@university.com,Male,21,Business,90.61,85.75,94.85,90.61,90.34,97.15,90.27,91.26,A,30,Yes,Yes,Master's,Low,7,6.9,Excellent
S2821,Omar,Williams,student1821@university.com,Female,24,Engineering,93.33,100.0,88.87,92.72,86.22,100.0,84.77,91.7,A,22,Yes,Yes,Bachelor's,Low,2,8.3,Excellent
S2822,Maria,Smith,student1822@university.com,Male,18,Business,63.79,52.72,55.32,62.76,53.09,65.1,65.22,58.65,C,8,Yes,Yes,High School,High,6,7.9,Average
S2823,Maria,Brown,student1823@university.com,Male,24,Business,75.72,60.15,65.39,71.48,58.81,71.6,69.69,66.08,C,15,No,Yes,,High,9,8.8,Average
S2824,Ahmed,Davis,student1824@university.com,Male,19,Engineering,67.97,53.04,56.06,61.21,74.11,62.94,42.48,56.01,C,10,No,Yes,Master's,High,3,4.3,Average
S2825,Ahmed,Jones,student1825@university.com,Female,18,Mathematics,75.98,62.3,73.26,88.0,73.72,83.97,78.64,75.47,B,13,No,Yes,Master's,High,2,4.1,Good
S2826,Emma,Smith,student1826@university.com,Male,23,Engineering,100.0,85.32,89.92,97.43,89.26,92.39,87.33,89.79,A,29,Yes,No,Master's,Medium,8,4.9,Excellent
S2827,Liam,Johnson,student1827@university.com,Female,23,CS,50.0,51.85,38.62,49.92,42.9,27.84,42.54,43.1,F,0,Yes,Yes,PhD,Low,1,8.6,Poor
S2828,Emma,Williams,student1828@university.com,Male,23,CS,84.3,97.77,68.34,59.43,69.57,72.05,69.45,73.61,C,7,Yes,Yes,,Medium,8,7.0,Average
S2829,Ali,Johnson,student1829@university.com,Male,18,Engineering,88.34,89.15,78.98,80.26,79.81,78.11,74.41,80.29,B,18,No,Yes,High School,Low,5,6.1,Good
S2830,Sara,Davis,student1830@university.com,Female,22,Business,50.93,32.11,37.71,30.62,27.3,51.96,38.87,36.14,F,9,No,Yes,Master's,Low,9,6.6,Poor
S2831,Ahmed,Davis,student1831@university.com,Male,21,CS,77.52,53.02,57.57,59.18,53.85,77.94,80.95,63.24,C,13,No,Yes,Bachelor's,Medium,9,8.1,Average
S2832,Maria,Johnson,student1832@university.com,Male,22,CS,83.12,74.52,84.05,91.68,79.61,87.12,79.37,82.22,B,24,Yes,Yes,PhD,High,4,8.6,Good
S2833,John,Smith,student1833@university.com,Male,24,Engineering,71.03,66.32,56.9,76.61,62.04,58.21,60.33,63.07,C,7,Yes,Yes,High School,Low,1,7.6,Average
S2834,Maria,Johnson,student1834@university.com,Male,23,Engineering,64.12,53.14,59.9,74.61,55.64,66.11,67.37,62.44,C,15,No,No,Master's,High,5,7.8,Average
S2835,Sara,Brown,student1835@university.com,Female,21,Mathematics,78.71,53.06,61.16,67.09,61.97,64.57,54.62,59.54,C,12,No,Yes,High School,Medium,7,5.6,Average
S2836,Emma,Johnson,student1836@university.com,Female,18,Engineering,100.0,86.62,90.51,95.54,91.87,88.6,87.73,89.88,A,25,No,Yes,PhD,Low,9,6.3,Excellent
S2837,Maria,Williams,student1837@university.com,Male,23,Engineering,72.81,74.61,75.67,74.85,74.91,79.33,74.92,75.48,B,22,Yes,Yes,Bachelor's,High,10,8.4,Good
S2838,Liam,Williams,student1838@university.com,Male,18,CS,72.46,42.1,34.75,32.27,41.36,30.98,42.38,37.66,F,3,Yes,Yes,Master's,Medium,9,7.9,Poor
S2839,Ali,Jones,student1839@university.com,Female,21,CS,86.74,100.0,87.83,89.8,85.96,91.19,97.22,92.59,A,22,No,Yes,Bachelor's,Low,9,7.4,Excellent
S2840,Sara,Williams,student1840@university.com,Male,18,CS,80.04,86.68,81.86,81.46,79.15,94.79,81.48,83.71,B,16,No,Yes,PhD,Medium,6,4.3,Good
S2841,Emma,Johnson,student1841@university.com,Female,18,Business,82.1,71.19,74.78,87.54,81.45,88.75,87.28,80.54,B,14,Yes,No,Bachelor's,High,2,4.2,Good
S2842,Liam,Williams,student1842@university.com,Male,19,CS,86.05,77.69,75.13,74.76,78.99,88.79,78.99,78.11,B,17,No,Yes,PhD,Low,5,4.7,Good
S2843,John,Smith,student1843@university.com,Female,24,CS,74.46,68.42,61.47,59.66,42.43,68.77,72.9,63.7,C,7,No,Yes,Bachelor's,Low,3,6.9,Average
S2844,Emma,Williams,student1844@university.com,Female,22,Engineering,50.0,28.65,39.53,49.94,41.41,38.74,63.22,43.76,F,10,Yes,Yes,High School,Low,6,6.7,Poor
S2845,Omar,Brown,student1845@university.com,Female,22,Mathematics,87.63,90.16,88.82,82.82,89.1,99.8,90.17,89.58,A,24,No,Yes,High School,Medium,5,8.7,Excellent
S2846,Liam,Smith,student1846@university.com,Female,22,CS,98.78,85.71,88.21,94.46,93.87,89.72,88.47,89.42,A,22,No,Yes,PhD,Medium,10,7.5,Excellent
S2847,Liam,Jones,student1847@university.com,Male,20,Mathematics,95.03,84.59,90.18,86.11,91.76,96.55,88.58,88.93,A,29,No,Yes,High School,Medium,1,5.5,Excellent
S2848,Ali,Brown,student1848@university.com,Male,19,CS,62.82,30.26,33.9,25.48,44.55,38.9,37.9,34.27,F,7,Yes,Yes,Bachelor's,Medium,10,4.8,Poor
S2849,Sara,Johnson,student1849@university.com,Female,23,CS,65.92,63.9,60.47,59.78,78.54,69.67,70.41,65.77,C,10,No,Yes,Bachelor's,High,10,8.2,Average
S2850,John,Johnson,student1850@university.com,Female,23,Mathematics,80.88,82.78,76.02,84.31,81.23,80.07,81.03,80.54,B,18,No,Yes,Master's,Medium,2,6.3,Good
S2851,Ali,Johnson,student1851@university.com,Female,23,Engineering,68.36,52.65,56.17,58.68,57.74,57.45,60.96,57.09,C,11,Yes,Yes,PhD,Medium,5,7.3,Average
S2852,Emma,Brown,student1852@university.com,Female,22,CS,56.84,49.49,42.72,40.36,53.35,49.39,50.04,46.91,D,5,No,Yes,High School,Medium,6,6.8,Poor
S2853,Ali,Brown,student1853@university.com,Male,24,Mathematics,83.44,71.5,67.37,74.79,70.68,65.33,69.44,69.85,C,7,No,Yes,PhD,High,1,4.5,Average
S2854,Liam,Brown,student1854@university.com,Female,22,CS,50.0,36.82,39.14,45.16,49.0,49.15,42.69,42.28,F,5,Yes,Yes,High School,High,7,4.3,Poor
S2855,Sara,Smith,student1855@university.com,Female,24,Business,85.27,72.49,72.33,71.06,70.42,83.96,88.17,76.31,B,18,No,Yes,Master's,Low,3,5.9,Good
S2856,Ahmed,Davis,student1856@university.com,Female,19,Business,65.17,71.46,58.02,52.64,64.16,64.91,69.53,63.51,C,6,No,Yes,Bachelor's,Medium,1,5.8,Average
S2857,Ali,Smith,student1857@university.com,Female,24,Business,73.23,78.84,78.0,89.9,83.17,78.95,71.95,79.36,B,23,No,Yes,Bachelor's,Low,7,7.4,Good
S2858,Omar,Johnson,student1858@university.com,Female,18,Business,67.46,54.36,58.52,62.4,70.57,52.09,76.94,62.52,C,5,Yes,Yes,,Low,7,7.2,Average
S2859,Ali,Davis,student1859@university.com,Female,22,Engineering,67.79,60.02,51.54,59.22,63.53,59.81,49.71,56.05,D,4,No,Yes,PhD,High,10,8.8,Average
S2860,Emma,Williams,student1860@university.com,Female,23,Business,72.5,63.63,58.54,55.5,56.1,66.46,63.3,60.6,C,12,Yes,Yes,High School,High,3,8.3,Average
S2861,Emma,Johnson,student1861@university.com,Male,18,Mathematics,60.17,52.74,57.33,64.48,33.36,66.98,62.59,57.1,C,11,Yes,Yes,,Low,6,6.5,Average
S2862,John,Jones,student1862@university.com,Female,22,CS,91.7,95.86,92.76,89.62,85.28,95.83,85.32,90.98,A,28,Yes,Yes,PhD,Low,4,6.5,Excellent
S2863,Emma,Smith,student1863@university.com,Female,21,Mathematics,73.68,78.37,78.72,68.72,67.22,82.97,85.17,77.72,B,19,Yes,Yes,High School,Medium,4,7.4,Good
S2864,Maria,Brown,student1864@university.com,Female,20,Business,80.2,53.3,47.96,63.88,43.31,45.07,23.67,45.8,D,3,Yes,Yes,Master's,High,9,4.6,Poor
S2865,Sara,Smith,student1865@university.com,Male,22,Engineering,66.98,30.67,39.67,42.45,55.12,62.08,46.25,43.39,F,5,Yes,Yes,PhD,High,7,9.0,Poor
S2866,Sara,Brown,student1866@university.com,Male,21,Business,98.07,84.81,96.86,99.38,86.89,100.0,98.49,94.47,A,30,Yes,Yes,High School,Low,6,6.6,Excellent
S2867,Ahmed,Davis,student1867@university.com,Male,19,Business,92.8,100.0,97.93,91.12,85.96,85.68,100.0,95.31,A,28,No,Yes,Bachelor's,High,9,8.5,Excellent
S2868,Ahmed,Jones,student1868@university.com,Female,21,Engineering,80.37,74.27,89.59,99.69,86.5,89.04,90.96,87.95,A,26,No,No,PhD,Low,3,8.8,Excellent
S2869,Sara,Davis,student1869@university.com,Female,19,Engineering,90.45,61.59,63.2,70.02,57.67,59.68,60.33,62.42,C,10,Yes,Yes,High School,Low,4,6.9,Average
S2870,Omar,Jones,student1870@university.com,Female,22,Engineering,88.93,96.31,79.05,60.84,60.77,79.76,73.23,76.85,B,19,No,Yes,Bachelor's,High,9,4.5,Good
S2871,Ahmed,Smith,student1871@university.com,Male,19,Engineering,78.75,89.84,88.78,98.23,84.22,83.01,84.96,88.61,A,30,No,Yes,Bachelor's,Medium,4,6.9,Excellent
S2872,John,Brown,student1872@university.com,Female,21,Engineering,93.47,79.29,75.19,74.45,80.72,83.14,83.73,78.96,B,16,No,Yes,,High,7,7.0,Good
S2873,Emma,Davis,student1873@university.com,Male,24,Engineering,65.62,54.96,58.75,71.62,66.42,65.81,82.42,66.13,C,6,Yes,Yes,High School,Low,9,7.9,Average
S2874,Sara,Jones,student1874@university.com,Male,20,CS,88.91,65.34,55.5,59.6,63.96,58.34,61.8,60.47,C,8,No,No,,Low,4,4.2,Average
S2875,Liam,Johnson,student1875@university.com,Male,18,Business,91.57,73.21,82.34,87.02,71.69,77.84,83.46,79.93,B,22,Yes,Yes,,Medium,9,6.3,Good
S2876,Ahmed,Johnson,student1876@university.com,Male,18,Business,81.15,73.52,76.26,83.58,75.2,78.37,87.22,79.11,B,19,Yes,Yes,Master's,Low,7,8.6,Good
S2877,Sara,Davis,student1877@university.com,Male,20,Engineering,86.94,78.93,76.82,73.58,83.8,85.36,68.08,76.56,B,14,No,Yes,,Medium,4,9.0,Good
S2878,Maria,Brown,student1878@university.com,Female,23,Mathematics,90.34,84.58,71.35,71.33,75.86,84.17,80.33,77.52,B,11,Yes,Yes,,High,3,5.0,Good
S2879,Ali,Davis,student1879@university.com,Female,18,Engineering,76.01,87.91,81.59,83.15,86.16,87.25,79.93,83.78,B,15,Yes,Yes,Master's,Medium,6,8.4,Good
S2880,Emma,Smith,student1880@university.com,Male,22,CS,67.12,74.72,59.31,76.08,55.04,42.45,63.3,63.59,C,9,Yes,Yes,Master's,Low,3,4.7,Average
S2881,Sara,Jones,student1881@university.com,Female,23,Mathematics,50.91,45.29,40.25,53.76,49.9,44.46,26.99,42.02,D,11,No,Yes,PhD,Low,7,8.2,Poor
S2882,Ali,Smith,student1882@university.com,Female,22,CS,67.6,64.99,61.78,67.94,62.88,68.32,45.94,60.94,C,9,No,Yes,,Medium,1,5.4,Average
S2883,Ahmed,Johnson,student1883@university.com,Male,21,Mathematics,57.83,72.25,59.73,65.38,46.83,68.44,58.57,62.43,C,6,No,Yes,Bachelor's,High,7,8.8,Average
S2884,Ali,Jones,student1884@university.com,Male,21,Mathematics,95.51,92.71,94.71,98.29,92.41,98.16,94.37,94.89,A,27,Yes,Yes,Master's,Medium,3,7.5,Excellent
S2885,Emma,Davis,student1885@university.com,Female,23,Engineering,85.22,63.49,70.02,80.67,71.73,88.98,79.12,74.2,B,11,No,Yes,High School,Low,9,6.0,Good
S2886,Sara,Smith,student1886@university.com,Female,23,CS,96.12,95.08,91.34,95.14,92.78,90.93,88.13,92.12,A,22,No,Yes,PhD,High,6,5.4,Excellent
S2887,Maria,Williams,student1887@university.com,Female,23,Mathematics,95.83,92.17,93.18,81.2,87.56,100.0,94.2,91.51,A,30,No,Yes,PhD,Medium,7,5.2,Excellent
S2888,Omar,Brown,student1888@university.com,Female,23,CS,61.34,43.31,53.92,58.48,56.79,71.87,72.01,58.18,D,13,Yes,Yes,,Medium,9,7.4,Average
S2889,Ahmed,Brown,student1889@university.com,Male,19,Engineering,67.67,35.97,37.66,57.12,29.67,38.77,40.1,40.04,F,3,Yes,Yes,Bachelor's,Medium,6,8.5,Poor
S2890,Sara,Williams,student1890@university.com,Female,24,Engineering,76.54,87.72,93.34,94.53,92.73,99.43,93.06,92.89,A,23,No,Yes,Master's,Low,10,7.8,Excellent
S2891,Emma,Johnson,student1891@university.com,Male,23,Engineering,89.67,78.15,82.97,81.5,77.12,82.12,70.9,78.7,B,18,Yes,No,High School,Low,2,8.2,Good
S2892,Ahmed,Jones,student1892@university.com,Male,24,Engineering,77.43,70.01,59.74,65.0,46.09,62.13,63.4,62.19,C,1,No,Yes,,Low,6,7.9,Average
S2893,John,Brown,student1893@university.com,Female,23,Business,91.35,90.21,90.1,94.57,86.69,95.37,88.86,90.73,A,23,No,Yes,Bachelor's,High,6,8.9,Excellent
S2894,Ali,Williams,student1894@university.com,Female,21,Mathematics,64.51,30.91,59.56,84.1,73.59,76.58,90.61,66.83,C,10,Yes,Yes,,High,2,7.8,Average
S2895,Omar,Davis,student1895@university.com,Female,22,Business,78.25,55.88,58.05,66.94,62.59,53.08,74.27,62.15,C,11,Yes,Yes,,High,7,5.1,Average
S2896,Emma,Williams,student1896@university.com,Male,24,Engineering,61.58,72.85,64.01,68.62,63.59,77.46,73.81,69.73,C,12,Yes,Yes,PhD,Low,9,8.0,Average
S2897,John,Johnson,student1897@university.com,Male,21,Mathematics,96.33,86.68,87.35,94.52,92.38,88.08,91.39,89.68,A,23,Yes,No,High School,High,10,5.6,Excellent
S2898,Liam,Johnson,student1898@university.com,Male,18,Mathematics,88.31,79.89,85.27,84.84,77.82,83.35,88.3,83.8,A,18,Yes,No,High School,High,4,9.0,Excellent
S2899,Sara,Smith,student1899@university.com,Male,19,CS,51.84,54.34,58.94,70.37,62.64,75.27,65.38,63.03,C,3,Yes,Yes,High School,Medium,5,5.9,Average
S2900,Maria,Brown,student1900@university.com,Female,19,Engineering,84.33,82.41,77.57,76.58,80.62,82.69,79.0,79.49,B,14,No,Yes,High School,Low,6,5.5,Good
S2901,Ahmed,Smith,student1901@university.com,Male,22,Business,99.61,89.92,87.18,89.08,88.14,93.38,90.87,89.47,A,24,No,No,Master's,Medium,1,5.2,Excellent
S2902,Ali,Williams,student1902@university.com,Male,23,CS,78.65,70.19,67.99,77.3,66.84,69.28,67.61,69.76,C,10,Yes,Yes,Master's,Low,8,7.3,Average
S2903,Ahmed,Jones,student1903@university.com,Female,21,Mathematics,94.47,94.92,90.98,95.07,88.2,99.48,92.46,93.25,A,23,Yes,Yes,High School,Low,9,4.5,Excellent
S2904,Omar,Jones,student1904@university.com,Male,18,Business,82.72,63.33,58.13,72.97,67.11,67.83,69.8,65.6,C,9,No,Yes,Bachelor's,High,1,8.8,Average
S2905,Sara,Johnson,student1905@university.com,Male,21,Engineering,97.86,84.42,86.73,98.51,87.35,91.55,83.02,87.84,A,20,No,Yes,Master's,Medium,4,5.5,Excellent
S2906,Ahmed,Jones,student1906@university.com,Female,23,Business,50.0,32.5,34.77,50.88,47.22,33.48,43.66,39.63,F,3,Yes,No,Master's,Medium,6,5.5,Poor
S2907,Ali,Jones,student1907@university.com,Male,23,Business,88.57,79.6,76.78,76.99,76.53,73.21,86.8,79.0,B,21,Yes,Yes,Bachelor's,High,10,4.2,Good
S2908,Sara,Jones,student1908@university.com,Male,20,Business,83.95,85.74,80.94,75.05,75.85,70.63,98.84,83.06,B,22,No,Yes,High School,Medium,1,5.2,Good
S2909,Ahmed,Williams,student1909@university.com,Male,21,CS,94.31,83.81,85.12,96.98,99.29,94.7,86.95,89.38,A,18,No,Yes,,Medium,3,6.1,Excellent
S2910,Maria,Jones,student1910@university.com,Male,22,Mathematics,89.23,77.77,74.8,84.93,77.79,80.3,83.17,79.44,B,11,No,Yes,Master's,Low,7,5.8,Good
S2911,Emma,Davis,student1911@university.com,Female,21,Business,68.25,40.89,44.99,69.36,26.65,39.15,64.42,49.29,D,3,No,Yes,,Medium,8,5.4,Poor
S2912,Sara,Jones,student1912@university.com,Male,19,Mathematics,56.35,42.06,32.72,44.98,32.52,39.26,42.2,38.96,F,2,No,Yes,,Medium,8,4.2,Poor
S2913,Emma,Jones,student1913@university.com,Female,18,CS,90.28,70.34,79.66,79.75,88.29,82.49,78.01,78.63,B,17,Yes,Yes,Bachelor's,Low,5,5.5,Good
S2914,Liam,Smith,student1914@university.com,Male,24,Engineering,86.93,89.21,77.45,79.98,82.2,77.47,83.02,81.77,B,17,No,Yes,High School,High,1,7.9,Good
S2915,Sara,Williams,student1915@university.com,Female,22,Engineering,72.87,57.99,55.71,59.9,62.26,70.03,63.98,60.54,C,9,Yes,Yes,,Low,1,6.2,Average
S2916,Maria,Johnson,student1916@university.com,Female,20,Business,62.74,40.99,43.08,43.0,40.18,66.98,48.12,45.76,D,6,No,Yes,High School,High,8,5.5,Poor
S2917,Emma,Smith,student1917@university.com,Female,18,CS,78.28,76.42,77.49,87.76,76.25,88.33,77.99,79.88,B,19,Yes,Yes,PhD,High,5,5.5,Good
S2918,John,Brown,student1918@university.com,Male,18,Engineering,100.0,71.37,75.28,83.21,70.84,80.09,71.41,74.95,B,11,No,No,High School,Low,9,6.8,Good
S2919,Ali,Williams,student1919@university.com,Male,24,CS,94.46,78.06,82.01,86.86,84.22,87.11,78.1,81.9,B,21,Yes,No,Bachelor's,Low,1,5.5,Good
S2920,John,Davis,student1920@university.com,Male,19,CS,83.12,63.7,61.46,66.92,57.57,57.72,74.9,64.65,C,6,No,Yes,Bachelor's,High,2,7.2,Average
S2921,Ahmed,Williams,student1921@university.com,Female,19,Business,91.26,89.23,89.84,91.28,89.84,95.32,96.73,91.86,A,22,Yes,Yes,PhD,Low,4,8.9,Excellent
S2922,Maria,Brown,student1922@university.com,Male,19,Business,85.55,71.89,63.26,61.3,49.9,61.12,62.36,62.96,C,13,No,No,Bachelor's,Low,10,4.2,Average
S2923,John,Brown,student1923@university.com,Male,22,CS,78.07,84.89,79.02,84.92,83.68,77.87,78.81,81.39,B,17,Yes,Yes,High School,Medium,7,4.8,Good
S2924,Sara,Brown,student1924@university.com,Male,21,CS,57.52,67.47,55.69,66.08,70.49,55.87,69.0,63.76,C,10,Yes,Yes,High School,Low,4,4.9,Average
S2925,Ahmed,Johnson,student1925@university.com,Male,18,Business,97.79,93.7,92.07,90.93,92.76,90.2,83.68,90.43,A,30,Yes,Yes,High School,Low,8,6.2,Excellent
S2926,Ahmed,Jones,student1926@university.com,Female,21,CS,85.11,72.02,76.73,87.33,78.26,73.99,73.21,76.55,B,16,Yes,Yes,Bachelor's,Medium,7,4.2,Good
S2927,John,Williams,student1927@university.com,Female,21,Business,81.49,70.12,82.61,69.84,72.92,83.16,79.96,76.75,B,18,No,Yes,High School,High,5,6.4,Good
S2928,Liam,Jones,student1928@university.com,Male,19,Mathematics,67.75,70.32,57.81,68.15,59.03,72.42,57.32,63.35,C,9,No,Yes,Master's,High,7,8.6,Average
S2929,John,Jones,student1929@university.com,Male,21,CS,100.0,83.82,89.06,89.9,79.63,100.0,87.31,87.94,A,25,Yes,Yes,PhD,Low,8,4.1,Excellent
S2930,Liam,Davis,student1930@university.com,Male,18,Business,74.82,59.91,69.71,77.07,79.25,85.9,83.99,74.28,C,16,No,No,Master's,Low,3,5.8,Average
S2931,Maria,Brown,student1931@university.com,Female,18,CS,87.14,75.12,80.6,70.43,81.14,88.49,89.7,80.64,B,14,Yes,Yes,High School,High,3,7.8,Good
S2932,Ali,Johnson,student1932@university.com,Male,23,Business,84.51,67.82,70.47,86.25,67.22,79.96,78.65,74.57,B,18,No,Yes,Bachelor's,Low,2,4.8,Good
S2933,John,Davis,student1933@university.com,Female,20,CS,64.45,63.11,52.49,45.68,60.12,47.16,70.86,57.5,D,1,No,Yes,PhD,High,4,4.4,Average
S2934,Omar,Smith,student1934@university.com,Female,22,Engineering,81.81,55.49,55.87,60.44,69.53,66.57,67.76,61.29,C,9,Yes,Yes,Master's,High,4,7.2,Average
S2935,Liam,Johnson,student1935@university.com,Male,21,Engineering,79.17,68.03,56.89,70.47,49.71,76.78,53.64,61.78,C,3,No,Yes,High School,Medium,4,4.0,Average
S2936,John,Jones,student1936@university.com,Male,22,CS,82.69,81.61,83.03,91.17,76.72,80.46,83.66,83.2,B,25,Yes,Yes,Bachelor's,Medium,2,8.0,Good
S2937,Emma,Johnson,student1937@university.com,Male,22,Engineering,66.49,63.54,58.89,62.44,55.68,57.54,59.98,60.11,C,8,No,Yes,High School,Low,7,4.3,Average
S2938,Sara,Brown,student1938@university.com,Female,22,CS,89.41,74.05,75.15,92.59,71.82,82.88,83.56,79.67,B,17,No,Yes,Master's,Low,10,6.6,Good
S2939,Omar,Smith,student1939@university.com,Female,24,CS,92.66,88.8,88.89,94.26,91.33,93.71,84.19,89.46,A,21,No,Yes,Master's,High,3,7.7,Excellent
S2940,Omar,Brown,student1940@university.com,Male,23,Mathematics,98.87,86.66,90.5,92.17,91.79,100.0,89.31,90.82,A,25,Yes,Yes,PhD,Low,10,5.2,Excellent
S2941,Liam,Smith,student1941@university.com,Female,22,Mathematics,81.3,85.78,76.42,83.46,71.95,71.66,81.87,79.52,B,14,No,Yes,Bachelor's,Medium,1,4.5,Good
S2942,Emma,Davis,student1942@university.com,Male,23,Engineering,68.98,51.86,58.04,66.29,72.06,61.73,69.72,62.15,C,4,Yes,Yes,,High,2,4.9,Average
S2943,Emma,Jones,student1943@university.com,Male,18,Mathematics,59.42,67.88,56.71,56.24,60.17,62.27,72.14,62.86,C,11,Yes,Yes,High School,High,5,8.3,Average
S2944,Ahmed,Smith,student1944@university.com,Female,24,Mathematics,62.33,55.28,55.39,60.91,30.92,81.74,69.4,59.19,C,5,No,Yes,Bachelor's,Low,9,7.5,Average
S2945,Liam,Smith,student1945@university.com,Female,21,CS,77.06,75.03,75.06,84.3,66.65,81.15,90.62,79.32,B,18,Yes,Yes,,High,4,5.0,Good
S2946,Ali,Smith,student1946@university.com,Female,23,Business,94.1,91.22,83.54,83.79,78.76,85.04,77.59,83.6,B,16,No,Yes,Bachelor's,High,6,7.6,Good
S2947,Sara,Johnson,student1947@university.com,Female,20,CS,100.0,80.2,89.38,90.04,85.17,93.59,90.7,87.91,A,27,Yes,Yes,High School,High,3,7.5,Excellent
S2948,Maria,Davis,student1948@university.com,Male,22,Mathematics,90.56,79.58,75.08,79.98,71.65,68.91,80.68,76.88,B,17,No,Yes,High School,Medium,9,9.0,Good
S2949,Omar,Johnson,student1949@university.com,Male,24,CS,91.72,74.79,79.38,82.79,77.5,92.11,87.4,81.66,B,21,Yes,Yes,PhD,High,2,6.0,Good
S2950,Maria,Jones,student1950@university.com,Male,20,Engineering,97.26,83.55,95.13,95.31,91.88,98.03,94.46,92.67,A,30,Yes,Yes,Master's,Medium,8,8.3,Excellent
S2951,John,Smith,student1951@university.com,Female,18,Business,96.82,89.62,97.91,96.68,87.65,98.95,96.7,94.9,A,30,Yes,Yes,Master's,High,3,6.2,Excellent
S2952,John,Davis,student1952@university.com,Male,18,Mathematics,94.0,72.69,74.12,77.08,79.27,87.28,81.08,77.5,B,15,Yes,Yes,Master's,Low,8,8.5,Good
S2953,Maria,Davis,student1953@university.com,Female,19,Mathematics,66.6,52.88,54.26,67.47,59.38,69.34,64.78,60.09,D,9,No,No,PhD,Low,3,4.5,Average
S2954,John,Williams,student1954@university.com,Female,22,CS,57.33,40.29,44.76,41.95,37.97,35.96,53.57,43.65,D,11,No,No,Master's,High,4,4.9,Poor
S2955,Ali,Jones,student1955@university.com,Female,19,CS,62.11,41.61,41.23,39.49,66.71,44.14,54.9,46.62,D,6,Yes,Yes,Bachelor's,Low,8,8.2,Poor
S2956,Emma,Davis,student1956@university.com,Male,24,CS,77.88,25.22,46.03,56.18,62.94,54.4,63.61,49.43,D,11,Yes,Yes,Master's,Medium,10,8.1,Poor
S2957,John,Smith,student1957@university.com,Female,20,CS,91.44,80.0,77.5,82.89,79.72,78.36,78.43,79.3,B,22,Yes,Yes,Master's,High,4,5.5,Good
S2958,Ahmed,Smith,student1958@university.com,Female,21,Mathematics,60.75,52.83,55.62,52.75,54.18,73.36,74.72,60.08,C,11,Yes,Yes,High School,Medium,9,7.0,Average
S2959,John,Davis,student1959@university.com,Female,19,CS,68.1,76.68,60.98,68.32,71.37,72.99,57.72,66.81,C,10,No,Yes,PhD,High,9,5.9,Average
S2960,Sara,Johnson,student1960@university.com,Female,18,Mathematics,84.06,90.52,83.23,96.58,92.04,80.32,85.44,87.72,B,25,No,Yes,PhD,Medium,6,4.1,Good
S2961,Ali,Jones,student1961@university.com,Female,22,CS,76.21,79.44,71.37,81.7,72.25,86.04,84.3,78.67,B,12,No,Yes,Master's,Low,1,4.1,Good
S2962,Sara,Smith,student1962@university.com,Female,20,Business,78.87,62.0,64.08,79.33,73.6,69.51,59.16,66.46,C,8,Yes,Yes,,Medium,9,4.3,Average
S2963,Sara,Davis,student1963@university.com,Female,23,Business,68.9,73.39,68.9,67.14,78.61,78.22,80.58,73.77,C,18,No,Yes,High School,Medium,9,7.0,Average
S2964,Ahmed,Smith,student1964@university.com,Female,24,CS,78.15,63.41,73.45,86.53,81.13,80.33,83.38,76.85,B,18,No,Yes,Master's,Low,7,5.4,Good
S2965,Ali,Davis,student1965@university.com,Female,24,CS,95.2,82.77,78.34,61.43,75.32,81.86,78.82,76.84,B,13,Yes,Yes,,Low,9,4.7,Good
S2966,Ali,Jones,student1966@university.com,Female,18,Engineering,94.74,86.89,89.04,82.42,97.55,93.77,89.81,89.1,A,26,No,Yes,Bachelor's,High,8,8.7,Excellent
S2967,Liam,Davis,student1967@university.com,Female,23,Business,82.25,80.08,76.47,95.89,80.72,79.21,76.63,80.84,B,11,Yes,Yes,High School,High,9,4.6,Good
S2968,Ali,Williams,student1968@university.com,Female,24,Mathematics,59.5,51.91,62.28,84.7,74.32,77.16,89.1,71.62,C,9,Yes,Yes,PhD,Medium,9,7.4,Average
S2969,Ali,Davis,student1969@university.com,Male,21,Business,86.82,84.8,91.08,84.3,91.93,93.2,90.9,89.07,A,22,Yes,Yes,,High,7,8.5,Excellent
S2970,Ali,Davis,student1970@university.com,Male,22,Mathematics,99.62,93.88,89.27,99.56,87.72,98.69,90.79,92.83,A,20,Yes,Yes,Master's,Medium,6,4.8,Excellent
S2971,Ahmed,Jones,student1971@university.com,Female,21,CS,77.2,48.84,53.5,61.87,52.89,60.87,63.24,56.45,D,8,Yes,Yes,,High,2,5.1,Average
S2972,John,Davis,student1972@university.com,Female,24,Business,85.49,73.06,74.82,77.89,73.39,76.4,70.32,74.04,B,15,Yes,Yes,PhD,Low,7,6.9,Good
S2973,Liam,Jones,student1973@university.com,Female,21,Business,66.55,26.24,57.87,71.32,74.75,92.88,74.36,62.05,C,13,Yes,Yes,Bachelor's,Low,1,6.5,Average
S2974,Sara,Williams,student1974@university.com,Male,24,Engineering,87.51,69.91,77.4,89.28,79.03,82.8,69.82,76.87,B,22,No,No,,Low,6,6.6,Good
S2975,Ali,Jones,student1975@university.com,Male,22,Engineering,50.0,51.49,40.36,51.68,28.71,43.13,51.68,45.66,D,1,No,Yes,Master's,Low,6,6.8,Poor
S2976,Omar,Smith,student1976@university.com,Male,22,Business,90.47,83.33,77.11,85.26,68.71,86.77,80.57,80.39,B,15,Yes,Yes,,Medium,7,8.7,Good
S2977,John,Jones,student1977@university.com,Female,23,Business,96.56,81.87,79.53,85.06,75.89,82.11,76.11,80.04,B,17,No,Yes,Bachelor's,Low,2,4.3,Good
S2978,John,Williams,student1978@university.com,Female,21,Business,77.17,30.78,38.6,37.84,41.27,47.53,31.64,36.69,F,5,No,Yes,,Low,4,7.8,Poor
S2979,Sara,Brown,student1979@university.com,Female,20,Mathematics,69.92,65.73,61.32,64.22,60.15,63.81,73.14,65.13,C,13,No,No,Bachelor's,Low,2,5.2,Average
S2980,Ahmed,Davis,student1980@university.com,Female,23,CS,93.38,87.83,87.1,92.98,85.98,100.0,87.83,89.45,A,24,Yes,Yes,Bachelor's,Low,4,5.9,Excellent
S2981,Maria,Jones,student1981@university.com,Male,22,Engineering,71.69,59.17,56.19,70.78,57.47,76.15,58.45,61.55,C,6,No,Yes,High School,High,3,4.4,Average
S2982,Maria,Davis,student1982@university.com,Female,18,CS,89.11,80.53,72.56,79.9,77.07,89.13,76.07,78.06,B,14,Yes,Yes,High School,Medium,2,6.2,Good
S2983,John,Johnson,student1983@university.com,Male,24,Engineering,85.71,78.68,76.37,72.83,74.02,81.51,90.89,79.48,B,24,Yes,Yes,Master's,Medium,2,8.0,Good
S2984,Emma,Smith,student1984@university.com,Male,23,Engineering,97.35,91.1,91.57,90.06,97.7,97.19,88.79,91.87,A,24,Yes,Yes,Master's,High,3,4.5,Excellent
S2985,Emma,Smith,student1985@university.com,Female,19,Engineering,56.69,48.79,81.88,96.68,95.47,100.0,94.11,83.1,B,27,Yes,No,Master's,High,10,5.4,Good
S2986,Sara,Johnson,student1986@university.com,Male,20,Business,55.06,25.28,48.44,78.11,59.64,63.68,59.28,53.07,D,3,Yes,Yes,Bachelor's,Medium,4,5.9,Poor
S2987,Maria,Johnson,student1987@university.com,Male,24,Engineering,91.1,82.66,73.66,83.53,81.51,82.83,89.2,81.75,B,15,Yes,Yes,Bachelor's,Medium,7,4.5,Good
S2988,John,Jones,student1988@university.com,Male,23,CS,94.26,74.46,74.34,74.72,81.31,76.0,86.5,77.72,B,14,Yes,Yes,High School,High,4,7.8,Good
S2989,Ahmed,Johnson,student1989@university.com,Male,22,Engineering,66.82,60.52,55.05,65.13,67.07,77.87,51.52,60.43,C,8,No,Yes,Bachelor's,Low,7,7.9,Average
S2990,Maria,Brown,student1990@university.com,Female,22,CS,98.74,50.79,58.12,61.12,63.42,62.77,52.64,57.0,C,11,No,Yes,High School,Medium,4,8.2,Average
S2991,John,Davis,student1991@university.com,Female,20,Engineering,89.65,90.56,87.97,86.51,91.3,94.18,82.56,88.14,A,27,Yes,Yes,,High,3,6.9,Excellent
S2992,John,Davis,student1992@university.com,Male,19,Engineering,80.91,77.55,70.05,67.94,68.82,63.75,64.31,69.33,B,16,No,Yes,Master's,Low,8,6.5,Good
S2993,Ali,Williams,student1993@university.com,Female,23,Business,75.19,74.94,84.92,86.67,89.67,96.39,90.7,85.96,B,27,No,No,Master's,Low,3,5.3,Good
S2994,Ahmed,Johnson,student1994@university.com,Male,23,CS,64.97,56.07,52.87,78.49,57.36,54.09,67.87,60.92,D,8,Yes,Yes,PhD,High,8,7.3,Average
S2995,Ali,Johnson,student1995@university.com,Female,21,Engineering,50.0,67.49,53.84,70.57,61.53,65.06,57.61,61.72,D,5,No,Yes,High School,Medium,2,6.2,Average
S2996,Sara,Brown,student1996@university.com,Female,18,Engineering,62.88,36.1,41.01,55.97,38.97,34.81,36.09,40.46,D,9,Yes,No,PhD,Medium,3,8.9,Poor
S2997,Ali,Smith,student1997@university.com,Female,22,CS,100.0,95.32,90.9,95.03,82.62,93.24,100.0,93.63,A,20,No,No,Master's,Low,4,8.8,Excellent
S2998,Omar,Smith,student1998@university.com,Female,23,Engineering,91.06,89.72,83.93,93.82,86.19,83.45,92.49,88.46,B,22,Yes,Yes,PhD,High,3,8.5,Good
S2999,Ali,Davis,student1999@university.com,Female,23,Mathematics,72.7,75.87,71.04,79.2,77.95,76.7,78.68,76.02,B,19,Yes,Yes,,Low,6,5.8,Good
